{
   "dashboards": [{
      "autoswitchEnabled": false,
      "columnCount": 1,
      "columnProportion": "1",
      "creationTime": 1559576107913,
      "dashboardNavigations": {},
      "description": "",
      "disabled": false,
      "gridsterMaxColumns": 12,
      "hidden": false,
      "homeTab": false,
      "id": "f5de88bb-aa89-45d0-a1cd-5c249dcf374e",
      "importAttempts": 0,
      "importComplete": true,
      "isDefault": false,
      "locked": false,
      "name": "VMignite.com - VMware Inventory",
      "rank": 96,
      "shared": true,
      "states": [],
      "temporary": false,
      "userId": "a5c7f345-fd62-45d1-b84e-479ee375339c",
      "widgetInteractions": [
         {
            "type": "resourceId",
            "widgetIdProvider": "31d21a72-c379-457c-8ee2-cc8d1d81826b",
            "widgetIdReceiver": "6d063729-8220-4cf6-9eac-6f4c4e579495"
         },
         {
            "type": "resourceId",
            "widgetIdProvider": "31d21a72-c379-457c-8ee2-cc8d1d81826b",
            "widgetIdReceiver": "ba6ffffa-09bf-464e-9de6-a615ee4f278a"
         },
         {
            "type": "resourceId",
            "widgetIdProvider": "31d21a72-c379-457c-8ee2-cc8d1d81826b",
            "widgetIdReceiver": "06025cba-b576-4a7d-8078-891c5880f5b4"
         },
         {
            "type": "resourceId",
            "widgetIdProvider": "31d21a72-c379-457c-8ee2-cc8d1d81826b",
            "widgetIdReceiver": "7b504386-d097-47ab-9d28-9ff6db54cc8b"
         },
         {
            "type": "resourceId",
            "widgetIdProvider": "31d21a72-c379-457c-8ee2-cc8d1d81826b",
            "widgetIdReceiver": "034b39ed-7053-4245-ab29-14c5435c8227"
         },
         {
            "type": "resourceId",
            "widgetIdProvider": "31d21a72-c379-457c-8ee2-cc8d1d81826b",
            "widgetIdReceiver": "765adb41-249f-4da0-9d0e-e6fff9758b98"
         },
         {
            "type": "resourceId",
            "widgetIdProvider": "31d21a72-c379-457c-8ee2-cc8d1d81826b",
            "widgetIdReceiver": "0db0f70a-4e36-4065-9c2d-df210f35b440"
         },
         {
            "type": "resourceId",
            "widgetIdProvider": "31d21a72-c379-457c-8ee2-cc8d1d81826b",
            "widgetIdReceiver": "14511868-f8c5-497a-983d-382dc59a8942"
         },
         {
            "type": "resourceId",
            "widgetIdProvider": "31d21a72-c379-457c-8ee2-cc8d1d81826b",
            "widgetIdReceiver": "311fb0f9-d2ed-4770-a418-bb5b20643675"
         },
         {
            "type": "resourceId",
            "widgetIdProvider": "31d21a72-c379-457c-8ee2-cc8d1d81826b",
            "widgetIdReceiver": "8fe74497-9f36-4b3f-8688-e6562b2df556"
         },
         {
            "type": "resourceId",
            "widgetIdProvider": "31d21a72-c379-457c-8ee2-cc8d1d81826b",
            "widgetIdReceiver": "59b80cee-333d-4a16-a6d8-872e103653a4"
         },
         {
            "type": "resourceId",
            "widgetIdProvider": "31d21a72-c379-457c-8ee2-cc8d1d81826b",
            "widgetIdReceiver": "c7d04b8f-1776-4aa7-a959-223134c51ba1"
         }
      ],
      "widgets": [
         {
            "collapsed": false,
            "config": {
               "chartViewItems": [],
               "isUpdatedView": true,
               "refreshContent": {"refreshContent": true},
               "refreshInterval": 300,
               "resource": null,
               "selectFirstRow": {"selectFirstRow": false},
               "selfProvider": {"selfProvider": false},
               "title": "Clusters Inventory",
               "traversalSpecId": "",
               "viewDefinitionId": "6281d28b-c4ad-4cce-bad3-ae0f08a17fa9"
            },
            "gridsterCoords": {
               "h": 8,
               "w": 12,
               "x": 1,
               "y": 26
            },
            "height": 438,
            "id": "7b504386-d097-47ab-9d28-9ff6db54cc8b",
            "states": [{
               "key": "perm_toolbarVisible_widget_f5de88bb-aa89-45d0-a1cd-5c249dcf374e_7b504386-d097-47ab-9d28-9ff6db54cc8b",
               "value": "b%3A1"
            }],
            "title": "Clusters Inventory",
            "type": "View"
         },
         {
            "collapsed": false,
            "config": {
               "chartViewItems": [],
               "isUpdatedView": true,
               "refreshContent": {"refreshContent": false},
               "refreshInterval": 300,
               "resource": null,
               "selectFirstRow": {"selectFirstRow": false},
               "selfProvider": {"selfProvider": false},
               "title": "Hosts Inventory",
               "traversalSpecId": "",
               "viewDefinitionId": "dc29f9f6-086f-402c-81e0-3dd0fa906396"
            },
            "gridsterCoords": {
               "h": 8,
               "w": 12,
               "x": 1,
               "y": 34
            },
            "height": 438,
            "id": "034b39ed-7053-4245-ab29-14c5435c8227",
            "states": [{
               "key": "perm_toolbarVisible_widget_f5de88bb-aa89-45d0-a1cd-5c249dcf374e_034b39ed-7053-4245-ab29-14c5435c8227",
               "value": "b%3A1"
            }],
            "title": "Hosts Inventory",
            "type": "View"
         },
         {
            "collapsed": false,
            "config": {
               "chartViewItems": [],
               "isUpdatedView": true,
               "refreshContent": {"refreshContent": true},
               "refreshInterval": 300,
               "resource": null,
               "selectFirstRow": {"selectFirstRow": false},
               "selfProvider": {"selfProvider": false},
               "title": "VM Inventory",
               "traversalSpecId": "",
               "viewDefinitionId": "b9a54ce2-61bc-4f39-b3b7-196bf2acb57b"
            },
            "gridsterCoords": {
               "h": 8,
               "w": 12,
               "x": 1,
               "y": 51
            },
            "height": 438,
            "id": "0db0f70a-4e36-4065-9c2d-df210f35b440",
            "states": [{
               "key": "perm_toolbarVisible_widget_f5de88bb-aa89-45d0-a1cd-5c249dcf374e_0db0f70a-4e36-4065-9c2d-df210f35b440",
               "value": "b%3A1"
            }],
            "title": "VM Inventory",
            "type": "View"
         },
         {
            "collapsed": false,
            "config": {
               "chartViewItems": [],
               "isUpdatedView": true,
               "refreshContent": {"refreshContent": true},
               "refreshInterval": 300,
               "resource": null,
               "selectFirstRow": {"selectFirstRow": false},
               "selfProvider": {"selfProvider": false},
               "title": "Datastore Inventory",
               "traversalSpecId": "",
               "viewDefinitionId": "5cfd0591-9ff1-469d-9fa7-cd6b42cf2102"
            },
            "gridsterCoords": {
               "h": 9,
               "w": 12,
               "x": 1,
               "y": 42
            },
            "height": 495,
            "id": "765adb41-249f-4da0-9d0e-e6fff9758b98",
            "states": [{
               "key": "perm_toolbarVisible_widget_f5de88bb-aa89-45d0-a1cd-5c249dcf374e_765adb41-249f-4da0-9d0e-e6fff9758b98",
               "value": "b%3A1"
            }],
            "title": "Datastore Inventory",
            "type": "View"
         },
         {
            "collapsed": false,
            "config": {
               "chartViewItems": [],
               "isUpdatedView": true,
               "refreshContent": {"refreshContent": false},
               "refreshInterval": 300,
               "resource": null,
               "selectFirstRow": {"selectFirstRow": false},
               "selfProvider": {"selfProvider": false},
               "title": "vCenter Inventory",
               "traversalSpecId": "",
               "viewDefinitionId": "bf86512f-246d-4c0d-8870-77fca53a69e1"
            },
            "gridsterCoords": {
               "h": 8,
               "w": 12,
               "x": 1,
               "y": 18
            },
            "height": 438,
            "id": "06025cba-b576-4a7d-8078-891c5880f5b4",
            "states": [{
               "key": "perm_toolbarVisible_widget_f5de88bb-aa89-45d0-a1cd-5c249dcf374e_06025cba-b576-4a7d-8078-891c5880f5b4",
               "value": "b%3A1"
            }],
            "title": "vCenter Inventory",
            "type": "View"
         },
         {
            "collapsed": false,
            "config": {
               "additionalColumns": [],
               "mode": 0,
               "refreshContent": {"refreshContent": false},
               "refreshInterval": 300,
               "selectFirstRow": {"selectFirstRow": false},
               "tagFilter": {
                  "path": [
                     "/source/kind/kind:resourceKind:id:0_::_",
                     "/source/kind/kind:resourceKind:id:1_::_",
                     "/source/kind/kind:resourceKind:id:2_::_",
                     "/source/kind/kind:resourceKind:id:3_::_"
                  ],
                  "value": {
                     "adapterInstance": [],
                     "adapterKind": [],
                     "bus": [],
                     "collector": [],
                     "day": [],
                     "exclaim": false,
                     "healthRange": [],
                     "kind": [
                        "resourceKind:id:0_::_",
                        "resourceKind:id:1_::_",
                        "resourceKind:id:2_::_",
                        "resourceKind:id:3_::_"
                     ],
                     "maintenanceSchedule": [],
                     "state": [],
                     "status": [],
                     "tag": [],
                     "tier": []
                  }
               },
               "title": "Latest VMs, Hosts, vCenter, Clusters, and Datastores (Sort by Creation Time)"
            },
            "gridsterCoords": {
               "h": 10,
               "w": 12,
               "x": 1,
               "y": 66
            },
            "height": 552,
            "id": "5d93ce47-c7b3-4bae-9e69-e53bed41befa",
            "states": [
               {
                  "key": "perm_toolbarVisible_widget_f5de88bb-aa89-45d0-a1cd-5c249dcf374e_5d93ce47-c7b3-4bae-9e69-e53bed41befa",
                  "value": "b%3A1"
               },
               {
                  "key": "permResGrid_widget_f5de88bb-aa89-45d0-a1cd-5c249dcf374e_5d93ce47-c7b3-4bae-9e69-e53bed41befa",
                  "value": "o%3Acolumns%3Da%253Ao%25253Aid%25253Ds%2525253Ah1%25255Ehidden%25253Db%2525253A1%25255Ewidth%25253Dn%2525253A100%255Eo%25253Aid%25253Ds%2525253Ah2%25255Ewidth%25253Dn%2525253A320%255Eo%25253Aid%25253Ds%2525253Ah3%25255Ehidden%25253Db%2525253A1%25255Ewidth%25253Dn%2525253A100%255Eo%25253Aid%25253Ds%2525253Ah4%25255Ehidden%25253Db%2525253A1%255Eo%25253Aid%25253Ds%2525253Ah5%25255Ehidden%25253Db%2525253A0%25255Ewidth%25253Dn%2525253A228%255Eo%25253Aid%25253Ds%2525253Ah6%25255Ehidden%25253Db%2525253A1%255Eo%25253Aid%25253Ds%2525253Ah7%25255Ehidden%25253Db%2525253A0%25255Ewidth%25253Dn%2525253A423%255Eo%25253Aid%25253Ds%2525253Ah8%25255Ehidden%25253Db%2525253A1%25255Ewidth%25253Dn%2525253A100%255Eo%25253Aid%25253Ds%2525253Ah9%25255Ehidden%25253Db%2525253A1%25255Ewidth%25253Dn%2525253A100%255Eo%25253Aid%25253Ds%2525253Ah10%25255Ehidden%25253Db%2525253A1%25255Ewidth%25253Dn%2525253A100%255Eo%25253Aid%25253Ds%2525253Ah11%25255Ehidden%25253Db%2525253A1%25255Ewidth%25253Dn%2525253A100%255Eo%25253Aid%25253Ds%2525253Ah12%25255Ehidden%25253Db%2525253A1%25255Ewidth%25253Dn%2525253A100%255Eo%25253Aid%25253Ds%2525253Ah13%25255Ehidden%25253Db%2525253A1%25255Ewidth%25253Dn%2525253A100%255Eo%25253Aid%25253Ds%2525253Ah14%25255Ehidden%25253Db%2525253A1%25255Ewidth%25253Dn%2525253A193%255Eo%25253Aid%25253Ds%2525253Ah15%25255Ehidden%25253Db%2525253A1%255Eo%25253Aid%25253Ds%2525253Ah16%25255Ehidden%25253Db%2525253A1%25255Ewidth%25253Dn%2525253A100%255Eo%25253Aid%25253Ds%2525253Ah17%25255Ehidden%25253Db%2525253A1%25255Ewidth%25253Dn%2525253A100%255Eo%25253Aid%25253Ds%2525253Ah18%25255Ehidden%25253Db%2525253A1%25255Ewidth%25253Dn%2525253A100%255Eo%25253Aid%25253Ds%2525253Ah19%25255Ehidden%25253Db%2525253A1%25255Ewidth%25253Dn%2525253A100%255Eo%25253Aid%25253Ds%2525253Ah20%25255Ehidden%25253Db%2525253A1%25255Ewidth%25253Dn%2525253A100%255Eo%25253Aid%25253Ds%2525253Ah21%25255Ehidden%25253Db%2525253A1%25255Ewidth%25253Dn%2525253A100%255Eo%25253Aid%25253Ds%2525253Ah22%25255Ehidden%25253Db%2525253A1%25255Ewidth%25253Dn%2525253A100%255Eo%25253Aid%25253Ds%2525253Ah23%25255Ehidden%25253Db%2525253A1%25255Ewidth%25253Dn%2525253A100%255Eo%25253Aid%25253Ds%2525253Ah24%25255Ehidden%25253Db%2525253A1%25255Ewidth%25253Dn%2525253A100%255Eo%25253Aid%25253Ds%2525253Ah25%25255Ehidden%25253Db%2525253A1%25255Ewidth%25253Dn%2525253A100%255Eo%25253Aid%25253Ds%2525253Ah26%25255Ehidden%25253Db%2525253A1%25255Ewidth%25253Dn%2525253A100%255Eo%25253Aid%25253Ds%2525253Ah27%25255Ehidden%25253Db%2525253A1%25255Ewidth%25253Dn%2525253A100%255Eo%25253Aid%25253Ds%2525253Ah28%25255Ehidden%25253Db%2525253A1%25255Ewidth%25253Dn%2525253A100%255Eo%25253Aid%25253Ds%2525253Ah29%25255Ehidden%25253Db%2525253A1%25255Ewidth%25253Dn%2525253A100%255Eo%25253Aid%25253Ds%2525253Ah30%25255Ehidden%25253Db%2525253A1%25255Ewidth%25253Dn%2525253A100%255Eo%25253Aid%25253Ds%2525253Ah31%25255Ehidden%25253Db%2525253A1%25255Ewidth%25253Dn%2525253A100%255Eo%25253Aid%25253Ds%2525253Ah32%25255Ehidden%25253Db%2525253A1%25255Ewidth%25253Dn%2525253A100%255Eo%25253Aid%25253Ds%2525253Ah33%25255Ehidden%25253Db%2525253A1%25255Ewidth%25253Dn%2525253A100%255Eo%25253Aid%25253Ds%2525253Ah34%25255Ehidden%25253Db%2525253A1%25255Ewidth%25253Dn%2525253A100%255Eo%25253Aid%25253Ds%2525253Ah35%25255Ehidden%25253Db%2525253A1%25255Ewidth%25253Dn%2525253A100%255Eo%25253Aid%25253Ds%2525253Ah36%25255Ehidden%25253Db%2525253A1%25255Ewidth%25253Dn%2525253A100%255Eo%25253Aid%25253Ds%2525253Ah37%25255Ehidden%25253Db%2525253A1%25255Ewidth%25253Dn%2525253A100%255Eo%25253Aid%25253Ds%2525253Ah38%25255Ehidden%25253Db%2525253A1%25255Ewidth%25253Dn%2525253A100%255Eo%25253Aid%25253Ds%2525253Ah39%25255Ehidden%25253Db%2525253A1%25255Ewidth%25253Dn%2525253A100%255Eo%25253Aid%25253Ds%2525253Ah40%25255Ehidden%25253Db%2525253A1%25255Ewidth%25253Dn%2525253A100%255Eo%25253Aid%25253Ds%2525253Ah41%25255Ehidden%25253Db%2525253A1%25255Ewidth%25253Dn%2525253A100%255Eo%25253Aid%25253Ds%2525253Ah42%25255Ehidden%25253Db%2525253A1%25255Ewidth%25253Dn%2525253A100%255Eo%25253Aid%25253Ds%2525253Ah43%25255Ehidden%25253Db%2525253A1%25255Ewidth%25253Dn%2525253A100%255Eo%25253Aid%25253Ds%2525253Ah44%25255Ehidden%25253Db%2525253A1%25255Ewidth%25253Dn%2525253A100%255Eo%25253Aid%25253Ds%2525253Ah45%25255Ehidden%25253Db%2525253A1%25255Ewidth%25253Dn%2525253A100%255Eo%25253Aid%25253Ds%2525253Ah46%25255Ehidden%25253Db%2525253A1%25255Ewidth%25253Dn%2525253A100%5EstoreState%3Do%253Asorters%253Da%25253Ao%2525253Aroot%2525253Ds%252525253Adata%2525255Eproperty%2525253Ds%252525253AcreationTime%2525255Edirection%2525253Ds%252525253ADESC%2525255Eid%2525253Ds%252525253AcreationTime"
               }
            ],
            "title": "Latest VMs, Hosts, vCenter, Clusters, and Datastores (Sort by Creation Time)",
            "type": "ResourceList"
         },
         {
            "collapsed": false,
            "config": {
               "chartViewItems": [],
               "isUpdatedView": true,
               "refreshContent": {"refreshContent": false},
               "refreshInterval": 300,
               "resource": null,
               "selectFirstRow": {"selectFirstRow": false},
               "selfProvider": {"selfProvider": false},
               "title": "vSwitch Stats",
               "traversalSpecId": "",
               "viewDefinitionId": "30b40fad-c75f-41a8-9b0d-96e98f873c69"
            },
            "gridsterCoords": {
               "h": 7,
               "w": 12,
               "x": 1,
               "y": 59
            },
            "height": 381,
            "id": "14511868-f8c5-497a-983d-382dc59a8942",
            "title": "vSwitch Stats",
            "type": "View"
         },
         {
            "collapsed": false,
            "config": {
               "boxColumns": 10,
               "boxHeight": null,
               "customFilter": {
                  "excludedResources": null,
                  "filter": [],
                  "includedResources": null
               },
               "depth": 1,
               "labelSize": 12,
               "maxCellCount": 100,
               "metric": {
                  "mode": "resourceKind",
                  "resourceKindMetrics": [
                     {
                        "colorMethod": 2,
                        "id": "extModel81020-2",
                        "isStringMetric": false,
                        "label": "vCenters",
                        "link": "",
                        "metricKey": "summary|total_number_vcenters",
                        "metricName": "Summary|Total Number of vCenter Server(s)",
                        "metricUnitId": null,
                        "orangeBound": null,
                        "redBound": null,
                        "resourceKindId": "resourceKind:id:4_::_",
                        "resourceKindName": "vSphere World",
                        "unit": null,
                        "yellowBound": null
                     },
                     {
                        "colorMethod": 2,
                        "id": "extModel81020-5",
                        "isStringMetric": false,
                        "label": "Datacenters",
                        "link": "",
                        "metricKey": "summary|total_number_datacenters",
                        "metricName": "Summary|Total Number of Datacenters",
                        "metricUnitId": null,
                        "orangeBound": null,
                        "redBound": null,
                        "resourceKindId": "resourceKind:id:4_::_",
                        "resourceKindName": "vSphere World",
                        "unit": null,
                        "yellowBound": null
                     },
                     {
                        "colorMethod": 2,
                        "id": "extModel81020-6",
                        "isStringMetric": false,
                        "label": "Clusters",
                        "link": "",
                        "metricKey": "summary|total_number_clusters",
                        "metricName": "Summary|Total Number of Clusters",
                        "metricUnitId": null,
                        "orangeBound": null,
                        "redBound": null,
                        "resourceKindId": "resourceKind:id:4_::_",
                        "resourceKindName": "vSphere World",
                        "unit": null,
                        "yellowBound": null
                     },
                     {
                        "colorMethod": 2,
                        "id": "extModel81020-3",
                        "isStringMetric": false,
                        "label": "Hosts",
                        "link": "",
                        "metricKey": "summary|total_number_hosts",
                        "metricName": "Summary|Total Number of Hosts",
                        "metricUnitId": null,
                        "orangeBound": null,
                        "redBound": null,
                        "resourceKindId": "resourceKind:id:4_::_",
                        "resourceKindName": "vSphere World",
                        "unit": null,
                        "yellowBound": null
                     },
                     {
                        "colorMethod": 2,
                        "id": "extModel81020-4",
                        "isStringMetric": false,
                        "label": "Datastores",
                        "link": "",
                        "metricKey": "summary|total_number_datastores",
                        "metricName": "Summary|Total Number of Datastores",
                        "metricUnitId": null,
                        "orangeBound": null,
                        "redBound": null,
                        "resourceKindId": "resourceKind:id:4_::_",
                        "resourceKindName": "vSphere World",
                        "unit": null,
                        "yellowBound": null
                     },
                     {
                        "colorMethod": 2,
                        "id": "extModel81020-1",
                        "isStringMetric": false,
                        "label": "Total VMs",
                        "link": "",
                        "metricKey": "summary|total_number_vms",
                        "metricName": "Summary|Total Number of VMs",
                        "metricUnitId": null,
                        "orangeBound": null,
                        "redBound": null,
                        "resourceKindId": "resourceKind:id:4_::_",
                        "resourceKindName": "vSphere World",
                        "unit": null,
                        "yellowBound": null
                     },
                     {
                        "colorMethod": 2,
                        "id": "extModel81020-7",
                        "isStringMetric": false,
                        "label": "Running VMs",
                        "link": "",
                        "metricKey": "summary|number_running_vms",
                        "metricName": "Summary|Number of Running VMs",
                        "metricUnitId": null,
                        "orangeBound": null,
                        "redBound": null,
                        "resourceKindId": "resourceKind:id:4_::_",
                        "resourceKindName": "vSphere World",
                        "unit": null,
                        "yellowBound": null
                     },
                     {
                        "colorMethod": 2,
                        "id": "extModel81020-9",
                        "isStringMetric": false,
                        "label": "Powered Off VMs",
                        "link": "",
                        "metricKey": "summary|number_poweredOff_vms",
                        "metricName": "Summary|Number of Powered Off VMs",
                        "metricUnitId": null,
                        "orangeBound": null,
                        "redBound": null,
                        "resourceKindId": "resourceKind:id:4_::_",
                        "resourceKindName": "vSphere World",
                        "unit": null,
                        "yellowBound": null
                     },
                     {
                        "colorMethod": 2,
                        "id": "extModel81020-10",
                        "isStringMetric": false,
                        "label": "Running VMs Per Host",
                        "link": "",
                        "metricKey": "summary|avg_vm_density",
                        "metricName": "Summary|Average Running VM Count per Running Host",
                        "metricUnitId": null,
                        "orangeBound": null,
                        "redBound": null,
                        "resourceKindId": "resourceKind:id:4_::_",
                        "resourceKindName": "vSphere World",
                        "unit": null,
                        "yellowBound": null
                     },
                     {
                        "colorMethod": 2,
                        "id": "extModel88809-1",
                        "isStringMetric": false,
                        "label": "VMs Per Host",
                        "link": "",
                        "metricKey": "summary|vm_count_per_host",
                        "metricName": "Summary|VM Count per Host",
                        "metricUnitId": null,
                        "orangeBound": null,
                        "redBound": null,
                        "resourceKindId": "resourceKind:id:4_::_",
                        "resourceKindName": "vSphere World",
                        "unit": null,
                        "yellowBound": null
                     },
                     {
                        "colorMethod": 2,
                        "id": "extModel91558-6",
                        "isStringMetric": false,
                        "label": "Datacenters",
                        "link": "",
                        "metricKey": "summary|total_number_datacenters",
                        "metricName": "Summary|Total Number of Datacenters",
                        "metricUnitId": null,
                        "orangeBound": null,
                        "redBound": null,
                        "resourceKindId": "resourceKind:id:2_::_",
                        "resourceKindName": "vCenter Server",
                        "unit": null,
                        "yellowBound": null
                     },
                     {
                        "colorMethod": 2,
                        "id": "extModel91558-5",
                        "isStringMetric": false,
                        "label": "Clusters",
                        "link": "",
                        "metricKey": "summary|total_number_clusters",
                        "metricName": "Summary|Total Number of Clusters",
                        "metricUnitId": null,
                        "orangeBound": null,
                        "redBound": null,
                        "resourceKindId": "resourceKind:id:2_::_",
                        "resourceKindName": "vCenter Server",
                        "unit": null,
                        "yellowBound": null
                     },
                     {
                        "colorMethod": 2,
                        "id": "extModel91558-8",
                        "isStringMetric": false,
                        "label": "Hosts",
                        "link": "",
                        "metricKey": "summary|total_number_hosts",
                        "metricName": "Summary|Total Number of Hosts",
                        "metricUnitId": null,
                        "orangeBound": null,
                        "redBound": null,
                        "resourceKindId": "resourceKind:id:2_::_",
                        "resourceKindName": "vCenter Server",
                        "unit": null,
                        "yellowBound": null
                     },
                     {
                        "colorMethod": 2,
                        "id": "extModel91558-7",
                        "isStringMetric": false,
                        "label": "Datastores",
                        "link": "",
                        "metricKey": "summary|total_number_datastores",
                        "metricName": "Summary|Total Number of Datastores",
                        "metricUnitId": null,
                        "orangeBound": null,
                        "redBound": null,
                        "resourceKindId": "resourceKind:id:2_::_",
                        "resourceKindName": "vCenter Server",
                        "unit": null,
                        "yellowBound": null
                     },
                     {
                        "colorMethod": 2,
                        "id": "extModel91558-9",
                        "isStringMetric": false,
                        "label": "Total VMs",
                        "link": "",
                        "metricKey": "summary|total_number_vms",
                        "metricName": "Summary|Total Number of VMs",
                        "metricUnitId": null,
                        "orangeBound": null,
                        "redBound": null,
                        "resourceKindId": "resourceKind:id:2_::_",
                        "resourceKindName": "vCenter Server",
                        "unit": null,
                        "yellowBound": null
                     },
                     {
                        "colorMethod": 2,
                        "id": "extModel91558-4",
                        "isStringMetric": false,
                        "label": "Running VMs",
                        "link": "",
                        "metricKey": "summary|number_running_vms",
                        "metricName": "Summary|Number of Running VMs",
                        "metricUnitId": -1,
                        "orangeBound": null,
                        "redBound": null,
                        "resourceKindId": "resourceKind:id:2_::_",
                        "resourceKindName": "vCenter Server",
                        "unit": "Auto",
                        "yellowBound": null
                     },
                     {
                        "colorMethod": 2,
                        "id": "extModel91558-2",
                        "isStringMetric": false,
                        "label": "Powered Off VMs",
                        "link": "",
                        "metricKey": "summary|number_poweredOff_vms",
                        "metricName": "Summary|Number of Powered Off VMs",
                        "metricUnitId": null,
                        "orangeBound": null,
                        "redBound": null,
                        "resourceKindId": "resourceKind:id:2_::_",
                        "resourceKindName": "vCenter Server",
                        "unit": null,
                        "yellowBound": null
                     },
                     {
                        "colorMethod": 2,
                        "id": "extModel91558-1",
                        "isStringMetric": false,
                        "label": "Running VMs per Host",
                        "link": "",
                        "metricKey": "summary|avg_vm_density",
                        "metricName": "Summary|Average Running VM Count per Running Host",
                        "metricUnitId": null,
                        "orangeBound": null,
                        "redBound": null,
                        "resourceKindId": "resourceKind:id:2_::_",
                        "resourceKindName": "vCenter Server",
                        "unit": null,
                        "yellowBound": null
                     },
                     {
                        "colorMethod": 2,
                        "id": "extModel91558-10",
                        "isStringMetric": false,
                        "label": "VMs per Host",
                        "link": "",
                        "metricKey": "summary|vm_count_per_host",
                        "metricName": "Summary|VM Count per Host",
                        "metricUnitId": null,
                        "orangeBound": null,
                        "redBound": null,
                        "resourceKindId": "resourceKind:id:2_::_",
                        "resourceKindName": "vCenter Server",
                        "unit": null,
                        "yellowBound": null
                     }
                  ],
                  "resourceMetrics": [],
                  "subMode": "resourceKindAll"
               },
               "mode": {"layoutMode": "fixedView"},
               "oldMetricValues": false,
               "periodLength": null,
               "refreshContent": {"refreshContent": false},
               "refreshInterval": 300,
               "relationshipMode": {"relationshipMode": 0},
               "resInteractionMode": null,
               "resource": [{
                  "id": "resource:id:0_::_",
                  "name": "vSphere World"
               }],
               "roundDecimals": 1,
               "selfProvider": {"selfProvider": false},
               "showDT": {"showDT": false},
               "showMetricName": {"showMetricName": true},
               "showMetricUnit": {"showMetricUnit": true},
               "showResourceName": {"showResourceName": false},
               "showSparkline": {"showSparkline": false},
               "title": "Inventory",
               "valueSize": 24,
               "visualTheme": 4
            },
            "gridsterCoords": {
               "h": 3,
               "w": 12,
               "x": 1,
               "y": 9
            },
            "height": 153,
            "id": "6d063729-8220-4cf6-9eac-6f4c4e579495",
            "title": "Inventory",
            "type": "Scoreboard"
         },
         {
            "collapsed": false,
            "config": {
               "additionalColumns": [
                  {
                     "boxLabel": "Total VMs",
                     "metricKey": "summary|total_number_vms",
                     "metricName": "Summary|Total Number of VMs",
                     "resourceKindId": "resourceKind:id:2_::_"
                  },
                  {
                     "boxLabel": "Clusters",
                     "metricKey": "summary|total_number_clusters",
                     "metricName": "Summary|Total Number of Clusters",
                     "resourceKindId": "resourceKind:id:2_::_"
                  },
                  {
                     "boxLabel": "Hosts",
                     "metricKey": "summary|total_number_hosts",
                     "metricName": "Summary|Total Number of Hosts",
                     "resourceKindId": "resourceKind:id:2_::_"
                  },
                  {
                     "boxLabel": "Datastores",
                     "metricKey": "summary|total_number_datastores",
                     "metricName": "Summary|Total Number of Datastores",
                     "resourceKindId": "resourceKind:id:2_::_"
                  },
                  {
                     "boxLabel": "Running VMs Per Host",
                     "metricKey": "summary|avg_vm_density",
                     "metricName": "Summary|Average Running VM Count per Running Host",
                     "resourceKindId": "resourceKind:id:2_::_"
                  }
               ],
               "customFilter": {
                  "excludedResources": null,
                  "filter": [],
                  "includedResources": null
               },
               "depth": 1,
               "filterMode": "tagPicker",
               "mode": "all",
               "refreshContent": {"refreshContent": false},
               "refreshInterval": 300,
               "relationshipMode": {"relationshipMode": 0},
               "resource": [],
               "selectFirstRow": {"selectFirstRow": true},
               "selfProvider": {"selfProvider": true},
               "tagFilter": {
                  "path": [
                     "/source/kind/kind:resourceKind:id:2_::_",
                     "/source/kind/kind:resourceKind:id:4_::_"
                  ],
                  "value": {
                     "adapterInstance": [],
                     "adapterKind": [],
                     "bus": [],
                     "collector": [],
                     "day": [],
                     "exclaim": false,
                     "healthRange": [],
                     "kind": [
                        "resourceKind:id:2_::_",
                        "resourceKind:id:4_::_"
                     ],
                     "maintenanceSchedule": [],
                     "state": [],
                     "status": [],
                     "tag": [],
                     "tier": []
                  }
               },
               "title": "Select an Environment"
            },
            "gridsterCoords": {
               "h": 8,
               "w": 6,
               "x": 1,
               "y": 1
            },
            "height": 438,
            "id": "31d21a72-c379-457c-8ee2-cc8d1d81826b",
            "states": [
               {
                  "key": "perm_toolbarVisible_widget_f5de88bb-aa89-45d0-a1cd-5c249dcf374e_31d21a72-c379-457c-8ee2-cc8d1d81826b",
                  "value": "b%3A1"
               },
               {
                  "key": "permResGrid_widget_f5de88bb-aa89-45d0-a1cd-5c249dcf374e_31d21a72-c379-457c-8ee2-cc8d1d81826b",
                  "value": "o%3Acolumns%3Da%253Ao%25253Aid%25253Ds%2525253Ah1%25255Ehidden%25253Db%2525253A1%25255Ewidth%25253Dn%2525253A100%255Eo%25253Aid%25253Ds%2525253Ah2%25255Ewidth%25253Dn%2525253A165%255Eo%25253Aid%25253Ds%2525253Ah3%25255Ehidden%25253Db%2525253A1%25255Ewidth%25253Dn%2525253A100%255Eo%25253Aid%25253Ds%2525253Ah4%25255Ehidden%25253Db%2525253A1%255Eo%25253Aid%25253Ds%2525253Ah5%25255Ewidth%25253Dn%2525253A152%255Eo%25253Aid%25253Ds%2525253Ah6%25255Ehidden%25253Db%2525253A1%255Eo%25253Aid%25253Ds%2525253Ah7%25255Ehidden%25253Db%2525253A1%25255Ewidth%25253Dn%2525253A100%255Eo%25253Aid%25253Ds%2525253Ah8%25255Ehidden%25253Db%2525253A1%25255Ewidth%25253Dn%2525253A100%255Eo%25253Aid%25253Ds%2525253Ah9%25255Ehidden%25253Db%2525253A1%25255Ewidth%25253Dn%2525253A100%255Eo%25253Aid%25253Ds%2525253Ah10%25255Ehidden%25253Db%2525253A1%25255Ewidth%25253Dn%2525253A100%255Eo%25253Aid%25253Ds%2525253Ah11%25255Ehidden%25253Db%2525253A1%25255Ewidth%25253Dn%2525253A100%255Eo%25253Aid%25253Ds%2525253Ah12%25255Ehidden%25253Db%2525253A1%25255Ewidth%25253Dn%2525253A100%255Eo%25253Aid%25253Ds%2525253Ah13%25255Ehidden%25253Db%2525253A1%25255Ewidth%25253Dn%2525253A100%255Eo%25253Aid%25253Ds%2525253Ah14%25255Ehidden%25253Db%2525253A1%255Eo%25253Aid%25253Ds%2525253Ah15%25255Ehidden%25253Db%2525253A1%255Eo%25253Aid%25253Ds%2525253Ah16%25255Ehidden%25253Db%2525253A1%25255Ewidth%25253Dn%2525253A100%255Eo%25253Aid%25253Ds%2525253Ah17%25255Ehidden%25253Db%2525253A0%25255Ewidth%25253Dn%2525253A97%255Eo%25253Aid%25253Ds%2525253Ah18%25255Ehidden%25253Db%2525253A0%25255Ewidth%25253Dn%2525253A100%255Eo%25253Aid%25253Ds%2525253Ah19%25255Ehidden%25253Db%2525253A0%25255Ewidth%25253Dn%2525253A100%255Eo%25253Aid%25253Ds%2525253Ah20%25255Ehidden%25253Db%2525253A0%25255Ewidth%25253Dn%2525253A100%255Eo%25253Aid%25253Ds%2525253Ah21%25255Ehidden%25253Db%2525253A0%25255Ewidth%25253Dn%2525253A186%255Eo%25253Aid%25253Ds%2525253Ah22%25255Ehidden%25253Db%2525253A1%25255Ewidth%25253Dn%2525253A100%255Eo%25253Aid%25253Ds%2525253Ah23%25255Ehidden%25253Db%2525253A1%25255Ewidth%25253Dn%2525253A100%255Eo%25253Aid%25253Ds%2525253Ah24%25255Ehidden%25253Db%2525253A1%25255Ewidth%25253Dn%2525253A100%255Eo%25253Aid%25253Ds%2525253Ah25%25255Ehidden%25253Db%2525253A1%25255Ewidth%25253Dn%2525253A100%255Eo%25253Aid%25253Ds%2525253Ah26%25255Ehidden%25253Db%2525253A1%25255Ewidth%25253Dn%2525253A100%255Eo%25253Aid%25253Ds%2525253Ah27%25255Ehidden%25253Db%2525253A1%25255Ewidth%25253Dn%2525253A100%255Eo%25253Aid%25253Ds%2525253Ah28%25255Ehidden%25253Db%2525253A1%25255Ewidth%25253Dn%2525253A100%255Eo%25253Aid%25253Ds%2525253Ah29%25255Ehidden%25253Db%2525253A1%25255Ewidth%25253Dn%2525253A100%255Eo%25253Aid%25253Ds%2525253Ah30%25255Ehidden%25253Db%2525253A1%25255Ewidth%25253Dn%2525253A100%255Eo%25253Aid%25253Ds%2525253Ah31%25255Ehidden%25253Db%2525253A1%25255Ewidth%25253Dn%2525253A100%255Eo%25253Aid%25253Ds%2525253Ah32%25255Ehidden%25253Db%2525253A1%25255Ewidth%25253Dn%2525253A100%255Eo%25253Aid%25253Ds%2525253Ah33%25255Ehidden%25253Db%2525253A1%25255Ewidth%25253Dn%2525253A100%255Eo%25253Aid%25253Ds%2525253Ah34%25255Ehidden%25253Db%2525253A1%25255Ewidth%25253Dn%2525253A100%255Eo%25253Aid%25253Ds%2525253Ah35%25255Ehidden%25253Db%2525253A1%25255Ewidth%25253Dn%2525253A100%255Eo%25253Aid%25253Ds%2525253Ah36%25255Ehidden%25253Db%2525253A1%25255Ewidth%25253Dn%2525253A100%255Eo%25253Aid%25253Ds%2525253Ah37%25255Ehidden%25253Db%2525253A1%25255Ewidth%25253Dn%2525253A100%255Eo%25253Aid%25253Ds%2525253Ah38%25255Ehidden%25253Db%2525253A1%25255Ewidth%25253Dn%2525253A100%255Eo%25253Aid%25253Ds%2525253Ah39%25255Ehidden%25253Db%2525253A1%25255Ewidth%25253Dn%2525253A100%255Eo%25253Aid%25253Ds%2525253Ah40%25255Ehidden%25253Db%2525253A1%25255Ewidth%25253Dn%2525253A100%255Eo%25253Aid%25253Ds%2525253Ah41%25255Ehidden%25253Db%2525253A1%25255Ewidth%25253Dn%2525253A100%255Eo%25253Aid%25253Ds%2525253Ah42%25255Ehidden%25253Db%2525253A1%25255Ewidth%25253Dn%2525253A100%255Eo%25253Aid%25253Ds%2525253Ah43%25255Ehidden%25253Db%2525253A1%25255Ewidth%25253Dn%2525253A100%255Eo%25253Aid%25253Ds%2525253Ah44%25255Ehidden%25253Db%2525253A1%25255Ewidth%25253Dn%2525253A100%255Eo%25253Aid%25253Ds%2525253Ah45%25255Ehidden%25253Db%2525253A1%25255Ewidth%25253Dn%2525253A100%255Eo%25253Aid%25253Ds%2525253Ah46%25255Ehidden%25253Db%2525253A1%25255Ewidth%25253Dn%2525253A100%5EstoreState%3Do%253Asorters%253Da%25253Ao%2525253Aroot%2525253Ds%252525253Adata%2525255Eproperty%2525253Ds%252525253AmetricValue_%252525253A%252525253A_summary%252525257Ctotal_number_vms%2525255Edirection%2525253Ds%252525253ADESC%2525255Eid%2525253Ds%252525253AmetricValue_%252525253A%252525253A_summary%252525257Ctotal_number_vms"
               }
            ],
            "title": "Select an Environment",
            "type": "ResourceList"
         },
         {
            "collapsed": false,
            "config": {
               "boxColumns": 4,
               "boxHeight": null,
               "customFilter": {
                  "excludedResources": null,
                  "filter": [],
                  "includedResources": null
               },
               "depth": 1,
               "labelSize": 16,
               "maxCellCount": 100,
               "metric": {
                  "mode": "resourceKind",
                  "resourceKindMetrics": [
                     {
                        "colorMethod": 2,
                        "id": "extModel2783-3",
                        "isStringMetric": false,
                        "label": "CPU Capacity",
                        "link": "",
                        "metricKey": "cpu|capacity_provisioned",
                        "metricName": "CPU|Total Capacity",
                        "metricUnitId": "ghz",
                        "orangeBound": null,
                        "redBound": null,
                        "resourceKindId": "resourceKind:id:2_::_",
                        "resourceKindName": "vCenter Server",
                        "unit": "GHz",
                        "yellowBound": null
                     },
                     {
                        "colorMethod": 2,
                        "id": "extModel2783-1",
                        "isStringMetric": false,
                        "label": "Physical CPUs",
                        "link": "",
                        "metricKey": "cpu|corecount_provisioned",
                        "metricName": "CPU|Number of physical CPUs",
                        "metricUnitId": -1,
                        "orangeBound": 0,
                        "redBound": 0,
                        "resourceKindId": "resourceKind:id:2_::_",
                        "resourceKindName": "vCenter Server",
                        "unit": "Auto",
                        "yellowBound": 0
                     },
                     {
                        "colorMethod": 2,
                        "id": "extModel2783-7",
                        "isStringMetric": false,
                        "label": "Memory Capacity",
                        "link": "",
                        "metricKey": "mem|host_provisioned",
                        "metricName": "Memory|Total Capacity",
                        "metricUnitId": -1,
                        "orangeBound": null,
                        "redBound": null,
                        "resourceKindId": "resourceKind:id:2_::_",
                        "resourceKindName": "vCenter Server",
                        "unit": "Auto",
                        "yellowBound": null
                     },
                     {
                        "colorMethod": 2,
                        "id": "extModel2783-5",
                        "isStringMetric": false,
                        "label": "Disk Capacity",
                        "link": "",
                        "metricKey": "diskspace|total_capacity",
                        "metricName": "Disk Space|Total Capacity",
                        "metricUnitId": -1,
                        "orangeBound": null,
                        "redBound": null,
                        "resourceKindId": "resourceKind:id:2_::_",
                        "resourceKindName": "vCenter Server",
                        "unit": "Auto",
                        "yellowBound": null
                     },
                     {
                        "colorMethod": 2,
                        "id": "extModel6047-2",
                        "isStringMetric": false,
                        "label": "CPU Capacity",
                        "link": "",
                        "metricKey": "cpu|capacity_provisioned",
                        "metricName": "CPU|Total Capacity",
                        "metricUnitId": -1,
                        "orangeBound": null,
                        "redBound": null,
                        "resourceKindId": "resourceKind:id:4_::_",
                        "resourceKindName": "vSphere World",
                        "unit": "Auto",
                        "yellowBound": null
                     },
                     {
                        "colorMethod": 2,
                        "id": "extModel6047-1",
                        "isStringMetric": false,
                        "label": "Physical CPUs",
                        "link": "",
                        "metricKey": "cpu|corecount_provisioned",
                        "metricName": "CPU|Number of physical CPUs",
                        "metricUnitId": -1,
                        "orangeBound": null,
                        "redBound": null,
                        "resourceKindId": "resourceKind:id:4_::_",
                        "resourceKindName": "vSphere World",
                        "unit": "Auto",
                        "yellowBound": null
                     },
                     {
                        "colorMethod": 2,
                        "id": "extModel6047-5",
                        "isStringMetric": false,
                        "label": "Memory Capacity",
                        "link": "",
                        "metricKey": "mem|host_provisioned",
                        "metricName": "Memory|Total Capacity",
                        "metricUnitId": -1,
                        "orangeBound": null,
                        "redBound": null,
                        "resourceKindId": "resourceKind:id:4_::_",
                        "resourceKindName": "vSphere World",
                        "unit": "Auto",
                        "yellowBound": null
                     },
                     {
                        "colorMethod": 2,
                        "id": "extModel6047-4",
                        "isStringMetric": false,
                        "label": "Disk Capacity",
                        "link": "",
                        "metricKey": "diskspace|total_capacity",
                        "metricName": "Disk Space|Total Capacity",
                        "metricUnitId": -1,
                        "orangeBound": null,
                        "redBound": null,
                        "resourceKindId": "resourceKind:id:4_::_",
                        "resourceKindName": "vSphere World",
                        "unit": "Auto",
                        "yellowBound": null
                     }
                  ],
                  "resourceMetrics": [],
                  "subMode": "resourceKindAll"
               },
               "mode": {"layoutMode": "fixedView"},
               "oldMetricValues": false,
               "periodLength": null,
               "refreshContent": {"refreshContent": false},
               "refreshInterval": 300,
               "relationshipMode": {"relationshipMode": 0},
               "resInteractionMode": null,
               "resource": [],
               "roundDecimals": 0,
               "selfProvider": {"selfProvider": false},
               "showDT": {"showDT": false},
               "showMetricName": {"showMetricName": true},
               "showMetricUnit": {"showMetricUnit": true},
               "showResourceName": {"showResourceName": false},
               "showSparkline": {"showSparkline": false},
               "title": "Total Usable Capacity (Excludes HA Buffers)",
               "valueSize": 24,
               "visualTheme": 4
            },
            "gridsterCoords": {
               "h": 3,
               "w": 6,
               "x": 1,
               "y": 12
            },
            "height": 153,
            "id": "ba6ffffa-09bf-464e-9de6-a615ee4f278a",
            "title": "Total Usable Capacity (Excludes HA Buffers)",
            "type": "Scoreboard"
         },
         {
            "collapsed": false,
            "config": {
               "chartViewItems": [
                  "legend",
                  "labels",
                  "title"
               ],
               "isUpdatedView": true,
               "refreshContent": {"refreshContent": false},
               "refreshInterval": 300,
               "resource": null,
               "selectFirstRow": {"selectFirstRow": false},
               "selfProvider": {"selfProvider": false},
               "title": "Operating System Distribution",
               "traversalSpecId": "",
               "viewDefinitionId": "19729c38-20e3-4fea-bb9f-0576126c25ec"
            },
            "gridsterCoords": {
               "h": 8,
               "w": 6,
               "x": 7,
               "y": 1
            },
            "height": 438,
            "id": "311fb0f9-d2ed-4770-a418-bb5b20643675",
            "title": "Operating System Distribution",
            "type": "View"
         },
         {
            "collapsed": false,
            "config": {
               "boxColumns": 4,
               "boxHeight": null,
               "customFilter": {
                  "excludedResources": null,
                  "filter": [],
                  "includedResources": null
               },
               "depth": 1,
               "labelSize": 16,
               "maxCellCount": 100,
               "metric": {
                  "mode": "resourceKind",
                  "resourceKindMetrics": [
                     {
                        "colorMethod": 2,
                        "id": "extModel75475-2",
                        "isStringMetric": false,
                        "label": "CPU Used",
                        "link": "",
                        "metricKey": "cpu|usagemhz_average",
                        "metricName": "CPU|Usage",
                        "metricUnitId": "ghz",
                        "orangeBound": null,
                        "redBound": null,
                        "resourceKindId": "resourceKind:id:2_::_",
                        "resourceKindName": "vCenter Server",
                        "unit": "GHz",
                        "yellowBound": null
                     },
                     {
                        "colorMethod": 2,
                        "id": "extModel75475-3",
                        "isStringMetric": false,
                        "label": "vCPUs Running",
                        "link": "",
                        "metricKey": "summary|number_running_vcpus",
                        "metricName": "Summary|Number of vCPUs on Powered On VMs",
                        "metricUnitId": "vCPUs",
                        "orangeBound": null,
                        "redBound": null,
                        "resourceKindId": "resourceKind:id:2_::_",
                        "resourceKindName": "vCenter Server",
                        "unit": "vCPUs",
                        "yellowBound": null
                     },
                     {
                        "colorMethod": 2,
                        "id": "extModel75475-4",
                        "isStringMetric": false,
                        "label": "Memory Used",
                        "link": "",
                        "metricKey": "mem|host_demand",
                        "metricName": "Memory|Machine Demand",
                        "metricUnitId": -1,
                        "orangeBound": null,
                        "redBound": null,
                        "resourceKindId": "resourceKind:id:2_::_",
                        "resourceKindName": "vCenter Server",
                        "unit": "Auto",
                        "yellowBound": null
                     },
                     {
                        "colorMethod": 2,
                        "id": "extModel75475-1",
                        "isStringMetric": false,
                        "label": "Storage Used",
                        "link": "",
                        "metricKey": "diskspace|total_usage",
                        "metricName": "Disk Space|Utilization",
                        "metricUnitId": -1,
                        "orangeBound": null,
                        "redBound": null,
                        "resourceKindId": "resourceKind:id:2_::_",
                        "resourceKindName": "vCenter Server",
                        "unit": "Auto",
                        "yellowBound": null
                     },
                     {
                        "colorMethod": 2,
                        "id": "extModel102388-1",
                        "isStringMetric": false,
                        "label": "CPU Used",
                        "link": "",
                        "metricKey": "cpu|usagemhz_average",
                        "metricName": "CPU|Usage",
                        "metricUnitId": -1,
                        "orangeBound": null,
                        "redBound": null,
                        "resourceKindId": "resourceKind:id:4_::_",
                        "resourceKindName": "vSphere World",
                        "unit": "Auto",
                        "yellowBound": null
                     },
                     {
                        "colorMethod": 2,
                        "id": "extModel102388-2",
                        "isStringMetric": false,
                        "label": "vCPUs Running",
                        "link": "",
                        "metricKey": "summary|number_running_vcpus",
                        "metricName": "Summary|Number of vCPUs on Powered On VMs",
                        "metricUnitId": null,
                        "orangeBound": null,
                        "redBound": null,
                        "resourceKindId": "resourceKind:id:4_::_",
                        "resourceKindName": "vSphere World",
                        "unit": null,
                        "yellowBound": null
                     },
                     {
                        "colorMethod": 2,
                        "id": "extModel102388-3",
                        "isStringMetric": false,
                        "label": "Memory Used",
                        "link": "",
                        "metricKey": "mem|host_demand",
                        "metricName": "Memory|Machine Demand",
                        "metricUnitId": -1,
                        "orangeBound": null,
                        "redBound": null,
                        "resourceKindId": "resourceKind:id:4_::_",
                        "resourceKindName": "vSphere World",
                        "unit": "Auto",
                        "yellowBound": null
                     }
                  ],
                  "resourceMetrics": [],
                  "subMode": "resourceKindAll"
               },
               "mode": {"layoutMode": "fixedView"},
               "oldMetricValues": false,
               "periodLength": null,
               "refreshContent": {"refreshContent": false},
               "refreshInterval": 300,
               "relationshipMode": {"relationshipMode": 0},
               "resInteractionMode": null,
               "resource": [],
               "roundDecimals": 0,
               "selfProvider": {"selfProvider": false},
               "showDT": {"showDT": false},
               "showMetricName": {"showMetricName": true},
               "showMetricUnit": {"showMetricUnit": true},
               "showResourceName": {"showResourceName": false},
               "showSparkline": {"showSparkline": false},
               "title": "Used Capacity",
               "valueSize": 24,
               "visualTheme": 4
            },
            "gridsterCoords": {
               "h": 3,
               "w": 6,
               "x": 1,
               "y": 15
            },
            "height": 153,
            "id": "8fe74497-9f36-4b3f-8688-e6562b2df556",
            "title": "Used Capacity",
            "type": "Scoreboard"
         },
         {
            "collapsed": false,
            "config": {
               "boxColumns": 3,
               "boxHeight": null,
               "customFilter": {
                  "excludedResources": null,
                  "filter": [],
                  "includedResources": null
               },
               "depth": 1,
               "labelSize": 16,
               "maxCellCount": 100,
               "metric": {
                  "mode": "resourceKind",
                  "resourceKindMetrics": [
                     {
                        "colorMethod": 2,
                        "id": "extModel89769-1",
                        "isStringMetric": false,
                        "label": "Disk IOPs",
                        "link": "",
                        "metricKey": "disk|commandsAveraged_average",
                        "metricName": "Disk|Total IOPS",
                        "metricUnitId": null,
                        "orangeBound": null,
                        "redBound": null,
                        "resourceKindId": "resourceKind:id:2_::_",
                        "resourceKindName": "vCenter Server",
                        "unit": null,
                        "yellowBound": null
                     },
                     {
                        "colorMethod": 2,
                        "id": "extModel91726-1",
                        "isStringMetric": false,
                        "label": "Disk Usage",
                        "link": "",
                        "metricKey": "disk|usage_average",
                        "metricName": "Disk|Total Throughput",
                        "metricUnitId": "mbps",
                        "orangeBound": null,
                        "redBound": null,
                        "resourceKindId": "resourceKind:id:2_::_",
                        "resourceKindName": "vCenter Server",
                        "unit": "MBps",
                        "yellowBound": null
                     },
                     {
                        "colorMethod": 2,
                        "id": "extModel89769-2",
                        "isStringMetric": false,
                        "label": "Network Usage",
                        "link": "",
                        "metricKey": "net|usage_average",
                        "metricName": "Network|Usage Rate",
                        "metricUnitId": "mbps",
                        "orangeBound": null,
                        "redBound": null,
                        "resourceKindId": "resourceKind:id:2_::_",
                        "resourceKindName": "vCenter Server",
                        "unit": "MBps",
                        "yellowBound": null
                     },
                     {
                        "colorMethod": 2,
                        "id": "extModel103339-1",
                        "isStringMetric": false,
                        "label": "Disk IOPs",
                        "link": "",
                        "metricKey": "disk|commandsAveraged_average",
                        "metricName": "Disk|Commands per second",
                        "metricUnitId": null,
                        "orangeBound": null,
                        "redBound": null,
                        "resourceKindId": "resourceKind:id:4_::_",
                        "resourceKindName": "vSphere World",
                        "unit": null,
                        "yellowBound": null
                     },
                     {
                        "colorMethod": 2,
                        "id": "extModel103339-2",
                        "isStringMetric": false,
                        "label": "Disk Usage",
                        "link": "",
                        "metricKey": "disk|usage_average",
                        "metricName": "Disk|Usage Rate",
                        "metricUnitId": "mbps",
                        "orangeBound": null,
                        "redBound": null,
                        "resourceKindId": "resourceKind:id:4_::_",
                        "resourceKindName": "vSphere World",
                        "unit": "MBps",
                        "yellowBound": null
                     },
                     {
                        "colorMethod": 2,
                        "id": "extModel103339-3",
                        "isStringMetric": false,
                        "label": "Network Usage",
                        "link": "",
                        "metricKey": "net|usage_average",
                        "metricName": "Network|Usage Rate",
                        "metricUnitId": "mbps",
                        "orangeBound": null,
                        "redBound": null,
                        "resourceKindId": "resourceKind:id:4_::_",
                        "resourceKindName": "vSphere World",
                        "unit": "MBps",
                        "yellowBound": null
                     }
                  ],
                  "resourceMetrics": [],
                  "subMode": "resourceKindAll"
               },
               "mode": {"layoutMode": "fixedView"},
               "oldMetricValues": false,
               "periodLength": null,
               "refreshContent": {"refreshContent": false},
               "refreshInterval": 300,
               "relationshipMode": {"relationshipMode": 0},
               "resInteractionMode": null,
               "resource": [],
               "roundDecimals": 0,
               "selfProvider": {"selfProvider": false},
               "showDT": {"showDT": false},
               "showMetricName": {"showMetricName": true},
               "showMetricUnit": {"showMetricUnit": true},
               "showResourceName": {"showResourceName": false},
               "showSparkline": {"showSparkline": false},
               "title": "Disk and Network Usage",
               "valueSize": 24,
               "visualTheme": 4
            },
            "gridsterCoords": {
               "h": 3,
               "w": 6,
               "x": 7,
               "y": 12
            },
            "height": 153,
            "id": "59b80cee-333d-4a16-a6d8-872e103653a4",
            "title": "Disk and Network Usage",
            "type": "Scoreboard"
         },
         {
            "collapsed": false,
            "config": {
               "boxColumns": 4,
               "boxHeight": null,
               "customFilter": {
                  "excludedResources": null,
                  "filter": [],
                  "includedResources": null
               },
               "depth": 1,
               "labelSize": 16,
               "maxCellCount": 100,
               "metric": {
                  "mode": "resourceKind",
                  "resourceKindMetrics": [
                     {
                        "colorMethod": 2,
                        "id": "extModel93175-2",
                        "isStringMetric": false,
                        "label": "CPU Provisioned",
                        "link": "",
                        "metricKey": "cpu|vm_capacity_provisioned",
                        "metricName": "CPU|Provisioned Capacity",
                        "metricUnitId": -1,
                        "orangeBound": null,
                        "redBound": null,
                        "resourceKindId": "resourceKind:id:2_::_",
                        "resourceKindName": "vCenter Server",
                        "unit": "Auto",
                        "yellowBound": null
                     },
                     {
                        "colorMethod": 2,
                        "id": "extModel93175-1",
                        "isStringMetric": false,
                        "label": "vCPU Cores Provisioned",
                        "link": "",
                        "metricKey": "cpu|vcpus_allocated_on_all_vms",
                        "metricName": "CPU|vCPUs Allocated on all VMs",
                        "metricUnitId": null,
                        "orangeBound": null,
                        "redBound": null,
                        "resourceKindId": "resourceKind:id:2_::_",
                        "resourceKindName": "vCenter Server",
                        "unit": null,
                        "yellowBound": null
                     },
                     {
                        "colorMethod": 2,
                        "id": "extModel93175-3",
                        "isStringMetric": false,
                        "label": "Memory Provisioned",
                        "link": "",
                        "metricKey": "mem|memory_allocated_on_all_vms",
                        "metricName": "Memory|Memory Allocated on all VMs",
                        "metricUnitId": -1,
                        "orangeBound": null,
                        "redBound": null,
                        "resourceKindId": "resourceKind:id:2_::_",
                        "resourceKindName": "vCenter Server",
                        "unit": "Auto",
                        "yellowBound": null
                     },
                     {
                        "colorMethod": 2,
                        "id": "extModel93175-4",
                        "isStringMetric": false,
                        "label": "Space Provisioned",
                        "link": "",
                        "metricKey": "diskspace|total_provisioned",
                        "metricName": "Disk Space|Total Provisioned Disk Space",
                        "metricUnitId": -1,
                        "orangeBound": null,
                        "redBound": null,
                        "resourceKindId": "resourceKind:id:2_::_",
                        "resourceKindName": "vCenter Server",
                        "unit": "Auto",
                        "yellowBound": null
                     },
                     {
                        "colorMethod": 2,
                        "id": "extModel104101-1",
                        "isStringMetric": false,
                        "label": "CPU Provisioned",
                        "link": "",
                        "metricKey": "cpu|vm_capacity_provisioned",
                        "metricName": "CPU|Provisioned Capacity",
                        "metricUnitId": -1,
                        "orangeBound": null,
                        "redBound": null,
                        "resourceKindId": "resourceKind:id:4_::_",
                        "resourceKindName": "vSphere World",
                        "unit": "Auto",
                        "yellowBound": null
                     },
                     {
                        "colorMethod": 2,
                        "id": "extModel104101-2",
                        "isStringMetric": false,
                        "label": "vCPU Cores Provisioned",
                        "link": "",
                        "metricKey": "cpu|vcpus_allocated_on_all_vms",
                        "metricName": "CPU|vCPUs Allocated on all VMs",
                        "metricUnitId": null,
                        "orangeBound": null,
                        "redBound": null,
                        "resourceKindId": "resourceKind:id:4_::_",
                        "resourceKindName": "vSphere World",
                        "unit": null,
                        "yellowBound": null
                     },
                     {
                        "colorMethod": 2,
                        "id": "extModel104101-3",
                        "isStringMetric": false,
                        "label": "Memory Provisioned",
                        "link": "",
                        "metricKey": "mem|memory_allocated_on_all_vms",
                        "metricName": "Memory|Memory Allocated on all VMs",
                        "metricUnitId": -1,
                        "orangeBound": null,
                        "redBound": null,
                        "resourceKindId": "resourceKind:id:4_::_",
                        "resourceKindName": "vSphere World",
                        "unit": "Auto",
                        "yellowBound": null
                     }
                  ],
                  "resourceMetrics": [],
                  "subMode": "resourceKindAll"
               },
               "mode": {"layoutMode": "fixedView"},
               "oldMetricValues": false,
               "periodLength": null,
               "refreshContent": {"refreshContent": false},
               "refreshInterval": 300,
               "relationshipMode": {"relationshipMode": 0},
               "resInteractionMode": null,
               "resource": [],
               "roundDecimals": null,
               "selfProvider": {"selfProvider": false},
               "showDT": {"showDT": true},
               "showMetricName": {"showMetricName": true},
               "showMetricUnit": {"showMetricUnit": true},
               "showResourceName": {"showResourceName": false},
               "showSparkline": {"showSparkline": false},
               "title": "Provisioned Capacity",
               "valueSize": 24,
               "visualTheme": 4
            },
            "gridsterCoords": {
               "h": 3,
               "w": 6,
               "x": 7,
               "y": 15
            },
            "height": 153,
            "id": "c7d04b8f-1776-4aa7-a959-223134c51ba1",
            "title": "Provisioned Capacity",
            "type": "Scoreboard"
         }
      ]
   }],
   "entries": {
      "resource": [{
         "adapterKindKey": "VMWARE",
         "identifiers": [],
         "internalId": "resource:id:0_::_",
         "name": "vSphere World",
         "resourceKindKey": "vSphere World"
      }],
      "resourceKind": [
         {
            "adapterKindKey": "VMWARE",
            "internalId": "resourceKind:id:2_::_",
            "resourceKindKey": "VMwareAdapter Instance"
         },
         {
            "adapterKindKey": "VMWARE",
            "internalId": "resourceKind:id:1_::_",
            "resourceKindKey": "VirtualMachine"
         },
         {
            "adapterKindKey": "VMWARE",
            "internalId": "resourceKind:id:3_::_",
            "resourceKindKey": "ClusterComputeResource"
         },
         {
            "adapterKindKey": "VMWARE",
            "internalId": "resourceKind:id:4_::_",
            "resourceKindKey": "vSphere World"
         },
         {
            "adapterKindKey": "VMWARE",
            "internalId": "resourceKind:id:0_::_",
            "resourceKindKey": "Datastore"
         }
      ]
   },
   "uuid": "3338be76-0c6f-4d41-ae22-fe1a4dcca705"
}