{
   "dashboards": [{
      "autoswitchEnabled": false,
      "columnCount": 1,
      "columnProportion": "1",
      "creationTime": 1582833367988,
      "dashboardNavigations": {},
      "description": "",
      "disabled": false,
      "gridsterMaxColumns": 12,
      "hidden": false,
      "homeTab": false,
      "id": "e5587cdd-eadf-41a4-b7a9-b04df6fa00e9",
      "importAttempts": 0,
      "importComplete": true,
      "lastUpdateTime": 1608036260458,
      "lastUpdateUserId": "340a8589-9ead-4e01-9f11-0429c53ff388",
      "locked": false,
      "name": "VMignite.com - Inventory",
      "rank": 0,
      "shared": false,
      "states": [],
      "temporary": false,
      "userId": "340a8589-9ead-4e01-9f11-0429c53ff388",
      "widgetInteractions": [
         {
            "type": "resourceId",
            "widgetIdProvider": "82fb8afb-950f-4d44-8033-2511b5b78772",
            "widgetIdReceiver": "dcbb1b6c-55aa-46dd-9457-62cf0594933d"
         },
         {
            "type": "resourceId",
            "widgetIdProvider": "82fb8afb-950f-4d44-8033-2511b5b78772",
            "widgetIdReceiver": "2ee28a1b-8075-45f7-a583-78a2c29694fd"
         },
         {
            "type": "resourceId",
            "widgetIdProvider": "82fb8afb-950f-4d44-8033-2511b5b78772",
            "widgetIdReceiver": "cb143733-c0bc-4d52-807c-9e09d6d7a280"
         },
         {
            "type": "resourceId",
            "widgetIdProvider": "82fb8afb-950f-4d44-8033-2511b5b78772",
            "widgetIdReceiver": "3f24a4d2-3b0e-4714-9325-7ec44a47fcb6"
         },
         {
            "type": "resourceId",
            "widgetIdProvider": "82fb8afb-950f-4d44-8033-2511b5b78772",
            "widgetIdReceiver": "2fa25d72-b655-4be1-b9bd-6fa730eb22d5"
         },
         {
            "type": "resourceId",
            "widgetIdProvider": "82fb8afb-950f-4d44-8033-2511b5b78772",
            "widgetIdReceiver": "ff2cbb21-40e4-44b7-9ec7-cbbab371e35a"
         },
         {
            "type": "resourceId",
            "widgetIdProvider": "82fb8afb-950f-4d44-8033-2511b5b78772",
            "widgetIdReceiver": "d7ac6830-08ed-4259-9ab0-fe37fb6058d2"
         },
         {
            "type": "resourceId",
            "widgetIdProvider": "82fb8afb-950f-4d44-8033-2511b5b78772",
            "widgetIdReceiver": "b4b4f20f-0713-46eb-b9ee-b596e24976ce"
         },
         {
            "type": "resourceId",
            "widgetIdProvider": "82fb8afb-950f-4d44-8033-2511b5b78772",
            "widgetIdReceiver": "ba80ded2-b3a1-496e-8b03-9d719a4b2c99"
         },
         {
            "type": "resourceId",
            "widgetIdProvider": "82fb8afb-950f-4d44-8033-2511b5b78772",
            "widgetIdReceiver": "5aabf5e9-db1e-4781-8541-647ca9cc1c1e"
         },
         {
            "type": "resourceId",
            "widgetIdProvider": "82fb8afb-950f-4d44-8033-2511b5b78772",
            "widgetIdReceiver": "7cad2803-fc96-4a88-bb63-92d2ca759688"
         },
         {
            "type": "resourceId",
            "widgetIdProvider": "82fb8afb-950f-4d44-8033-2511b5b78772",
            "widgetIdReceiver": "884cd741-a061-4259-9d93-9b57da00155b"
         },
         {
            "type": "resourceId",
            "widgetIdProvider": "82fb8afb-950f-4d44-8033-2511b5b78772",
            "widgetIdReceiver": "de90d4e9-3de5-466b-89e7-25c7b76dd677"
         },
         {
            "type": "resourceId",
            "widgetIdProvider": "82fb8afb-950f-4d44-8033-2511b5b78772",
            "widgetIdReceiver": "c2de1fb5-5b6d-4c7a-9c3b-e5781971078f"
         },
         {
            "type": "resourceId",
            "widgetIdProvider": "82fb8afb-950f-4d44-8033-2511b5b78772",
            "widgetIdReceiver": "46ff743c-81be-4bed-a2a0-e8fd79bb0922"
         },
         {
            "type": "resourceId",
            "widgetIdProvider": "82fb8afb-950f-4d44-8033-2511b5b78772",
            "widgetIdReceiver": "05521312-57eb-4066-b298-853b2c5970f8"
         },
         {
            "type": "resourceId",
            "widgetIdProvider": "82fb8afb-950f-4d44-8033-2511b5b78772",
            "widgetIdReceiver": "aae25e17-42e8-473c-af60-0c46291a77c0"
         },
         {
            "type": "resourceId",
            "widgetIdProvider": "82fb8afb-950f-4d44-8033-2511b5b78772",
            "widgetIdReceiver": "2350953b-2fd1-4ee2-9b55-6d3597d81869"
         },
         {
            "type": "resourceId",
            "widgetIdProvider": "82fb8afb-950f-4d44-8033-2511b5b78772",
            "widgetIdReceiver": "0e3a69f3-2f3f-4c8a-be7e-16a7348d7463"
         },
         {
            "type": "resourceId",
            "widgetIdProvider": "82fb8afb-950f-4d44-8033-2511b5b78772",
            "widgetIdReceiver": "de6a2afa-1c8b-4218-afca-4c18803a9947"
         },
         {
            "type": "resourceId",
            "widgetIdProvider": "82fb8afb-950f-4d44-8033-2511b5b78772",
            "widgetIdReceiver": "4cb8cb36-44e0-4fa8-b540-6a61181918a0"
         },
         {
            "type": "resourceId",
            "widgetIdProvider": "cb143733-c0bc-4d52-807c-9e09d6d7a280",
            "widgetIdReceiver": "aae25e17-42e8-473c-af60-0c46291a77c0"
         },
         {
            "type": "resourceId",
            "widgetIdProvider": "cb143733-c0bc-4d52-807c-9e09d6d7a280",
            "widgetIdReceiver": "3f24a4d2-3b0e-4714-9325-7ec44a47fcb6"
         },
         {
            "type": "resourceId",
            "widgetIdProvider": "cb143733-c0bc-4d52-807c-9e09d6d7a280",
            "widgetIdReceiver": "2fa25d72-b655-4be1-b9bd-6fa730eb22d5"
         },
         {
            "type": "resourceId",
            "widgetIdProvider": "cb143733-c0bc-4d52-807c-9e09d6d7a280",
            "widgetIdReceiver": "d7ac6830-08ed-4259-9ab0-fe37fb6058d2"
         },
         {
            "type": "resourceId",
            "widgetIdProvider": "cb143733-c0bc-4d52-807c-9e09d6d7a280",
            "widgetIdReceiver": "ff2cbb21-40e4-44b7-9ec7-cbbab371e35a"
         },
         {
            "type": "resourceId",
            "widgetIdProvider": "cb143733-c0bc-4d52-807c-9e09d6d7a280",
            "widgetIdReceiver": "b4b4f20f-0713-46eb-b9ee-b596e24976ce"
         },
         {
            "type": "resourceId",
            "widgetIdProvider": "aae25e17-42e8-473c-af60-0c46291a77c0",
            "widgetIdReceiver": "3f24a4d2-3b0e-4714-9325-7ec44a47fcb6"
         },
         {
            "type": "resourceId",
            "widgetIdProvider": "aae25e17-42e8-473c-af60-0c46291a77c0",
            "widgetIdReceiver": "2fa25d72-b655-4be1-b9bd-6fa730eb22d5"
         },
         {
            "type": "resourceId",
            "widgetIdProvider": "aae25e17-42e8-473c-af60-0c46291a77c0",
            "widgetIdReceiver": "d7ac6830-08ed-4259-9ab0-fe37fb6058d2"
         },
         {
            "type": "resourceId",
            "widgetIdProvider": "aae25e17-42e8-473c-af60-0c46291a77c0",
            "widgetIdReceiver": "ff2cbb21-40e4-44b7-9ec7-cbbab371e35a"
         },
         {
            "type": "resourceId",
            "widgetIdProvider": "aae25e17-42e8-473c-af60-0c46291a77c0",
            "widgetIdReceiver": "b4b4f20f-0713-46eb-b9ee-b596e24976ce"
         },
         {
            "type": "resourceId",
            "widgetIdProvider": "3f24a4d2-3b0e-4714-9325-7ec44a47fcb6",
            "widgetIdReceiver": "2fa25d72-b655-4be1-b9bd-6fa730eb22d5"
         },
         {
            "type": "resourceId",
            "widgetIdProvider": "3f24a4d2-3b0e-4714-9325-7ec44a47fcb6",
            "widgetIdReceiver": "d7ac6830-08ed-4259-9ab0-fe37fb6058d2"
         },
         {
            "type": "resourceId",
            "widgetIdProvider": "3f24a4d2-3b0e-4714-9325-7ec44a47fcb6",
            "widgetIdReceiver": "ff2cbb21-40e4-44b7-9ec7-cbbab371e35a"
         },
         {
            "type": "resourceId",
            "widgetIdProvider": "2fa25d72-b655-4be1-b9bd-6fa730eb22d5",
            "widgetIdReceiver": "d7ac6830-08ed-4259-9ab0-fe37fb6058d2"
         },
         {
            "type": "resourceId",
            "widgetIdProvider": "2fa25d72-b655-4be1-b9bd-6fa730eb22d5",
            "widgetIdReceiver": "ff2cbb21-40e4-44b7-9ec7-cbbab371e35a"
         },
         {
            "type": "resourceId",
            "widgetIdProvider": "d7ac6830-08ed-4259-9ab0-fe37fb6058d2",
            "widgetIdReceiver": "ff2cbb21-40e4-44b7-9ec7-cbbab371e35a"
         },
         {
            "type": "resourceId",
            "widgetIdProvider": "82fb8afb-950f-4d44-8033-2511b5b78772",
            "widgetIdReceiver": "9661b44e-f996-4bdd-b41e-4b04e0f4c405"
         },
         {
            "type": "resourceId",
            "widgetIdProvider": "82fb8afb-950f-4d44-8033-2511b5b78772",
            "widgetIdReceiver": "37feb32a-6ad7-44d3-b881-904d02822f1a"
         },
         {
            "type": "resourceId",
            "widgetIdProvider": "82fb8afb-950f-4d44-8033-2511b5b78772",
            "widgetIdReceiver": "f7443337-b4d0-4497-92fd-1dfd9f4c5744"
         },
         {
            "type": "resourceId",
            "widgetIdProvider": "b4b4f20f-0713-46eb-b9ee-b596e24976ce",
            "widgetIdReceiver": "f7443337-b4d0-4497-92fd-1dfd9f4c5744"
         },
         {
            "type": "resourceId",
            "widgetIdProvider": "9661b44e-f996-4bdd-b41e-4b04e0f4c405",
            "widgetIdReceiver": "ff2cbb21-40e4-44b7-9ec7-cbbab371e35a"
         },
         {
            "type": "resourceId",
            "widgetIdProvider": "f7443337-b4d0-4497-92fd-1dfd9f4c5744",
            "widgetIdReceiver": "d7ac6830-08ed-4259-9ab0-fe37fb6058d2"
         },
         {
            "type": "resourceId",
            "widgetIdProvider": "b4b4f20f-0713-46eb-b9ee-b596e24976ce",
            "widgetIdReceiver": "d7ac6830-08ed-4259-9ab0-fe37fb6058d2"
         },
         {
            "type": "resourceId",
            "widgetIdProvider": "37feb32a-6ad7-44d3-b881-904d02822f1a",
            "widgetIdReceiver": "d7ac6830-08ed-4259-9ab0-fe37fb6058d2"
         }
      ],
      "widgets": [
         {
            "collapsed": false,
            "config": {
               "chartViewItems": [],
               "isUpdatedView": true,
               "refreshContent": {"refreshContent": false},
               "refreshInterval": 300,
               "resource": null,
               "selectFirstRow": {"selectFirstRow": false},
               "selfProvider": {"selfProvider": false},
               "title": "Clusters Inventory",
               "traversalSpecId": "",
               "viewDefinitionId": "6281d28b-c4ad-4cce-bad3-ae0f08a17fa9"
            },
            "gridsterCoords": {
               "h": 7,
               "w": 12,
               "x": 1,
               "y": 60
            },
            "height": 381,
            "id": "3f24a4d2-3b0e-4714-9325-7ec44a47fcb6",
            "states": [{
               "key": "perm_toolbarVisible_widget_e5587cdd-eadf-41a4-b7a9-b04df6fa00e9_3f24a4d2-3b0e-4714-9325-7ec44a47fcb6",
               "value": "b%3A1"
            }],
            "title": "Clusters Inventory",
            "type": "View"
         },
         {
            "collapsed": false,
            "config": {
               "chartViewItems": [],
               "isUpdatedView": true,
               "refreshContent": {"refreshContent": false},
               "refreshInterval": 300,
               "resource": null,
               "selectFirstRow": {"selectFirstRow": false},
               "selfProvider": {"selfProvider": false},
               "title": "Hosts Inventory",
               "traversalSpecId": "",
               "viewDefinitionId": "dc29f9f6-086f-402c-81e0-3dd0fa906396"
            },
            "gridsterCoords": {
               "h": 6,
               "w": 12,
               "x": 1,
               "y": 67
            },
            "height": 324,
            "id": "2fa25d72-b655-4be1-b9bd-6fa730eb22d5",
            "states": [
               {
                  "key": "perm_toolbarVisible_widget_e5587cdd-eadf-41a4-b7a9-b04df6fa00e9_2fa25d72-b655-4be1-b9bd-6fa730eb22d5",
                  "value": "b%3A1"
               },
               {
                  "key": "permSelectedDate_widget_e5587cdd-eadf-41a4-b7a9-b04df6fa00e9_2fa25d72-b655-4be1-b9bd-6fa730eb22d5",
                  "value": "s%3A%7B%22minType%22%3A%22.TimeIntervalControl%22%2C%22advancedTimeMode%22%3Afalse%2C%22fromTime%22%3Anull%2C%22unit%22%3A%22DAYS%22%2C%22count%22%3A7%2C%22priorUnit%22%3Anull%2C%22priorCount%22%3Anull%2C%22startSubUnit%22%3Anull%2C%22startPeriod%22%3Anull%2C%22toTime%22%3Anull%2C%22endUnit%22%3Anull%2C%22endCount%22%3Anull%2C%22endSubUnit%22%3Anull%2C%22endPeriod%22%3Anull%7D"
               }
            ],
            "title": "Hosts Inventory",
            "type": "View"
         },
         {
            "collapsed": false,
            "config": {
               "chartViewItems": [],
               "isUpdatedView": true,
               "refreshContent": {"refreshContent": false},
               "refreshInterval": 300,
               "resource": null,
               "selectFirstRow": {"selectFirstRow": false},
               "selfProvider": {"selfProvider": false},
               "title": "VM Inventory",
               "traversalSpecId": "",
               "viewDefinitionId": "b9a54ce2-61bc-4f39-b3b7-196bf2acb57b"
            },
            "gridsterCoords": {
               "h": 6,
               "w": 12,
               "x": 1,
               "y": 92
            },
            "height": 324,
            "id": "d7ac6830-08ed-4259-9ab0-fe37fb6058d2",
            "states": [{
               "key": "perm_toolbarVisible_widget_e5587cdd-eadf-41a4-b7a9-b04df6fa00e9_d7ac6830-08ed-4259-9ab0-fe37fb6058d2",
               "value": "b%3A1"
            }],
            "title": "VM Inventory",
            "type": "View"
         },
         {
            "collapsed": false,
            "config": {
               "chartViewItems": [],
               "isUpdatedView": true,
               "refreshContent": {"refreshContent": true},
               "refreshInterval": 300,
               "resource": null,
               "selectFirstRow": {"selectFirstRow": false},
               "selfProvider": {"selfProvider": false},
               "title": "Datastore Inventory",
               "traversalSpecId": "",
               "viewDefinitionId": "5cfd0591-9ff1-469d-9fa7-cd6b42cf2102"
            },
            "gridsterCoords": {
               "h": 7,
               "w": 12,
               "x": 1,
               "y": 98
            },
            "height": 381,
            "id": "ff2cbb21-40e4-44b7-9ec7-cbbab371e35a",
            "states": [
               {
                  "key": "perm_toolbarVisible_widget_e5587cdd-eadf-41a4-b7a9-b04df6fa00e9_ff2cbb21-40e4-44b7-9ec7-cbbab371e35a",
                  "value": "b%3A1"
               },
               {
                  "key": "permSelectedDate_widget_e5587cdd-eadf-41a4-b7a9-b04df6fa00e9_ff2cbb21-40e4-44b7-9ec7-cbbab371e35a",
                  "value": "s%3A%7B%22minType%22%3A%22.TimeIntervalControl%22%2C%22advancedTimeMode%22%3Afalse%2C%22fromTime%22%3Anull%2C%22unit%22%3A%22DAYS%22%2C%22count%22%3A7%2C%22priorUnit%22%3Anull%2C%22priorCount%22%3Anull%2C%22startSubUnit%22%3Anull%2C%22startPeriod%22%3Anull%2C%22toTime%22%3Anull%2C%22endUnit%22%3Anull%2C%22endCount%22%3Anull%2C%22endSubUnit%22%3Anull%2C%22endPeriod%22%3Anull%7D"
               }
            ],
            "title": "Datastore Inventory",
            "type": "View"
         },
         {
            "collapsed": false,
            "config": {
               "chartViewItems": [],
               "isUpdatedView": true,
               "refreshContent": {"refreshContent": false},
               "refreshInterval": 300,
               "resource": null,
               "selectFirstRow": {"selectFirstRow": false},
               "selfProvider": {"selfProvider": false},
               "title": "vCenter Inventory",
               "traversalSpecId": "",
               "viewDefinitionId": "e1e24c8e-00f4-4dbd-b62c-3c2b4498b11d"
            },
            "gridsterCoords": {
               "h": 7,
               "w": 12,
               "x": 1,
               "y": 47
            },
            "height": 381,
            "id": "cb143733-c0bc-4d52-807c-9e09d6d7a280",
            "states": [{
               "key": "perm_toolbarVisible_widget_e5587cdd-eadf-41a4-b7a9-b04df6fa00e9_cb143733-c0bc-4d52-807c-9e09d6d7a280",
               "value": "b%3A1"
            }],
            "title": "vCenter Inventory",
            "type": "View"
         },
         {
            "collapsed": false,
            "config": {
               "additionalColumns": [
                  {
                     "boxLabel": "vCPUs",
                     "metricKey": "cpu|corecount_provisioned",
                     "metricName": "CPU|Provisioned vCPU(s) (vCPUs)",
                     "resourceKindId": "resourceKind:id:0_::_"
                  },
                  {
                     "boxLabel": "Total Memory",
                     "metricKey": "mem|guest_provisioned",
                     "metricName": "Memory|Total Capacity (KB)",
                     "resourceKindId": "resourceKind:id:0_::_"
                  },
                  {
                     "boxLabel": "Total Disk ",
                     "metricKey": "guestfilesystem|capacity_total",
                     "metricName": "Guest File System|Total Capacity (GB)",
                     "resourceKindId": "resourceKind:id:0_::_"
                  },
                  {
                     "boxLabel": "OS",
                     "metricKey": "config|guestFullName",
                     "metricName": "Configuration|Guest Fullname",
                     "resourceKindId": "resourceKind:id:0_::_"
                  },
                  {
                     "boxLabel": "IP Address",
                     "metricKey": "net:4000|ip_address",
                     "metricName": "Network:4000|IP Address",
                     "resourceKindId": "resourceKind:id:0_::_"
                  }
               ],
               "customFilter": {
                  "excludedResources": null,
                  "filter": [],
                  "includedResources": null
               },
               "depth": 1,
               "filterMode": "tagPicker",
               "mode": "all",
               "refreshContent": {"refreshContent": false},
               "refreshInterval": 300,
               "relationshipMode": {"relationshipMode": 0},
               "resource": [],
               "selectFirstRow": {"selectFirstRow": false},
               "selfProvider": {"selfProvider": false},
               "tagFilter": {
                  "path": [
                     "/source/kind/kind:resourceKind:id:0_::_",
                     "/source/kind/kind:resourceKind:id:1_::_",
                     "/source/kind/kind:resourceKind:id:2_::_",
                     "/source/kind/kind:resourceKind:id:3_::_"
                  ],
                  "value": {
                     "adapterInstance": [],
                     "adapterKind": [],
                     "bus": [],
                     "collector": [],
                     "day": [],
                     "exclaim": false,
                     "healthRange": [],
                     "kind": [
                        "resourceKind:id:0_::_",
                        "resourceKind:id:1_::_",
                        "resourceKind:id:2_::_",
                        "resourceKind:id:3_::_"
                     ],
                     "maintenanceSchedule": [],
                     "state": [],
                     "status": [],
                     "tag": [],
                     "tier": []
                  }
               },
               "title": "Latest VMs, Hosts, vCenter, Clusters, and Datastores (Sort by Creation Time)"
            },
            "gridsterCoords": {
               "h": 7,
               "w": 12,
               "x": 1,
               "y": 38
            },
            "height": 381,
            "id": "6c1127e4-f595-45c6-8053-99ab02251c72",
            "states": [
               {
                  "key": "permResGrid_widget_e5587cdd-eadf-41a4-b7a9-b04df6fa00e9_6c1127e4-f595-45c6-8053-99ab02251c72",
                  "value": "o%3Acolumns%3Da%253Ao%25253Aid%25253Ds%2525253Ah1%25255Ehidden%25253Db%2525253A1%25255Ewidth%25253Dn%2525253A100%255Eo%25253Aid%25253Ds%2525253Ah2%25255Ewidth%25253Dn%2525253A278%255Eo%25253Aid%25253Ds%2525253Ah3%25255Ehidden%25253Db%2525253A1%25255Ewidth%25253Dn%2525253A100%255Eo%25253Aid%25253Ds%2525253Ah4%25255Ehidden%25253Db%2525253A1%255Eo%25253Aid%25253Ds%2525253Ah5%25255Ehidden%25253Db%2525253A0%25255Ewidth%25253Dn%2525253A147%255Eo%25253Aid%25253Ds%2525253Ah6%25255Ehidden%25253Db%2525253A1%255Eo%25253Aid%25253Ds%2525253Ah7%25255Ehidden%25253Db%2525253A0%25255Ewidth%25253Dn%2525253A184%255Eo%25253Aid%25253Ds%2525253Ah8%25255Ehidden%25253Db%2525253A1%25255Ewidth%25253Dn%2525253A100%255Eo%25253Aid%25253Ds%2525253Ah9%25255Ehidden%25253Db%2525253A1%25255Ewidth%25253Dn%2525253A100%255Eo%25253Aid%25253Ds%2525253Ah10%25255Ehidden%25253Db%2525253A1%25255Ewidth%25253Dn%2525253A100%255Eo%25253Aid%25253Ds%2525253Ah11%25255Ehidden%25253Db%2525253A1%25255Ewidth%25253Dn%2525253A100%255Eo%25253Aid%25253Ds%2525253Ah12%25255Ehidden%25253Db%2525253A1%25255Ewidth%25253Dn%2525253A100%255Eo%25253Aid%25253Ds%2525253Ah13%25255Ehidden%25253Db%2525253A1%25255Ewidth%25253Dn%2525253A100%255Eo%25253Aid%25253Ds%2525253Ah14%25255Ehidden%25253Db%2525253A1%25255Ewidth%25253Dn%2525253A193%255Eo%25253Aid%25253Ds%2525253Ah15%25255Ehidden%25253Db%2525253A1%255Eo%25253Aid%25253Ds%2525253Ah16%25255Ehidden%25253Db%2525253A1%25255Ewidth%25253Dn%2525253A100%255Eo%25253Aid%25253Ds%2525253AresourceRating%25255Ehidden%25253Db%2525253A1%255Eo%25253Aid%25253Ds%2525253Ah18%25255Ehidden%25253Db%2525253A0%25255Ewidth%25253Dn%2525253A76%255Eo%25253Aid%25253Ds%2525253Ah19%25255Ehidden%25253Db%2525253A0%25255Ewidth%25253Dn%2525253A127%255Eo%25253Aid%25253Ds%2525253Ah20%25255Ehidden%25253Db%2525253A0%25255Ewidth%25253Dn%2525253A91%255Eo%25253Aid%25253Ds%2525253Ah22%25255Ehidden%25253Db%2525253A0%25255Ewidth%25253Dn%2525253A127%255Eo%25253Aid%25253Ds%2525253Ah21%25255Ehidden%25253Db%2525253A0%25255Ewidth%25253Dn%2525253A247%255Eo%25253Aid%25253Ds%2525253Ah23%25255Ehidden%25253Db%2525253A1%25255Ewidth%25253Dn%2525253A100%255Eo%25253Aid%25253Ds%2525253Ah24%25255Ehidden%25253Db%2525253A1%25255Ewidth%25253Dn%2525253A100%255Eo%25253Aid%25253Ds%2525253Ah25%25255Ehidden%25253Db%2525253A1%25255Ewidth%25253Dn%2525253A100%255Eo%25253Aid%25253Ds%2525253Ah26%25255Ehidden%25253Db%2525253A1%25255Ewidth%25253Dn%2525253A100%255Eo%25253Aid%25253Ds%2525253Ah27%25255Ehidden%25253Db%2525253A1%25255Ewidth%25253Dn%2525253A100%255Eo%25253Aid%25253Ds%2525253Ah28%25255Ehidden%25253Db%2525253A1%25255Ewidth%25253Dn%2525253A100%255Eo%25253Aid%25253Ds%2525253Ah29%25255Ehidden%25253Db%2525253A1%25255Ewidth%25253Dn%2525253A100%255Eo%25253Aid%25253Ds%2525253Ah30%25255Ehidden%25253Db%2525253A1%25255Ewidth%25253Dn%2525253A100%255Eo%25253Aid%25253Ds%2525253Ah31%25255Ehidden%25253Db%2525253A1%25255Ewidth%25253Dn%2525253A100%255Eo%25253Aid%25253Ds%2525253Ah32%25255Ehidden%25253Db%2525253A1%25255Ewidth%25253Dn%2525253A100%255Eo%25253Aid%25253Ds%2525253Ah33%25255Ehidden%25253Db%2525253A1%25255Ewidth%25253Dn%2525253A100%255Eo%25253Aid%25253Ds%2525253Ah34%25255Ehidden%25253Db%2525253A1%25255Ewidth%25253Dn%2525253A100%255Eo%25253Aid%25253Ds%2525253Ah35%25255Ehidden%25253Db%2525253A1%25255Ewidth%25253Dn%2525253A100%255Eo%25253Aid%25253Ds%2525253Ah36%25255Ehidden%25253Db%2525253A1%25255Ewidth%25253Dn%2525253A100%255Eo%25253Aid%25253Ds%2525253Ah37%25255Ehidden%25253Db%2525253A1%25255Ewidth%25253Dn%2525253A100%255Eo%25253Aid%25253Ds%2525253Ah38%25255Ehidden%25253Db%2525253A1%25255Ewidth%25253Dn%2525253A100%255Eo%25253Aid%25253Ds%2525253Ah39%25255Ehidden%25253Db%2525253A1%25255Ewidth%25253Dn%2525253A100%255Eo%25253Aid%25253Ds%2525253Ah40%25255Ehidden%25253Db%2525253A1%25255Ewidth%25253Dn%2525253A100%255Eo%25253Aid%25253Ds%2525253Ah41%25255Ehidden%25253Db%2525253A1%25255Ewidth%25253Dn%2525253A100%255Eo%25253Aid%25253Ds%2525253Ah42%25255Ehidden%25253Db%2525253A1%25255Ewidth%25253Dn%2525253A100%255Eo%25253Aid%25253Ds%2525253Ah43%25255Ehidden%25253Db%2525253A1%25255Ewidth%25253Dn%2525253A100%255Eo%25253Aid%25253Ds%2525253Ah44%25255Ehidden%25253Db%2525253A1%25255Ewidth%25253Dn%2525253A100%255Eo%25253Aid%25253Ds%2525253Ah45%25255Ehidden%25253Db%2525253A1%25255Ewidth%25253Dn%2525253A100%255Eo%25253Aid%25253Ds%2525253Ah46%25255Ehidden%25253Db%2525253A1%25255Ewidth%25253Dn%2525253A100%255Eo%25253Aid%25253Ds%2525253Ah47%25255Ehidden%25253Db%2525253A1%25255Ewidth%25253Dn%2525253A100%5EstoreState%3Do%253Asorters%253Da%25253Ao%2525253Aroot%2525253Ds%252525253Adata%2525255Eproperty%2525253Ds%252525253AcreationTime%2525255Edirection%2525253Ds%252525253ADESC%2525255Eid%2525253Ds%252525253AcreationTime"
               },
               {
                  "key": "perm_toolbarVisible_widget_e5587cdd-eadf-41a4-b7a9-b04df6fa00e9_6c1127e4-f595-45c6-8053-99ab02251c72",
                  "value": "b%3A1"
               }
            ],
            "title": "Latest VMs, Hosts, vCenter, Clusters, and Datastores (Sort by Creation Time)",
            "type": "ResourceList"
         },
         {
            "collapsed": false,
            "config": {
               "chartViewItems": [],
               "isUpdatedView": true,
               "refreshContent": {"refreshContent": false},
               "refreshInterval": 300,
               "resource": null,
               "selectFirstRow": {"selectFirstRow": false},
               "selfProvider": {"selfProvider": false},
               "title": "vDS Switch Stats",
               "traversalSpecId": "",
               "viewDefinitionId": "30b40fad-c75f-41a8-9b0d-96e98f873c69"
            },
            "gridsterCoords": {
               "h": 7,
               "w": 12,
               "x": 1,
               "y": 79
            },
            "height": 381,
            "id": "b4b4f20f-0713-46eb-b9ee-b596e24976ce",
            "states": [
               {
                  "key": "perm_toolbarVisible_widget_e5587cdd-eadf-41a4-b7a9-b04df6fa00e9_b4b4f20f-0713-46eb-b9ee-b596e24976ce",
                  "value": "b%3A1"
               },
               {
                  "key": "permSelectedDate_widget_e5587cdd-eadf-41a4-b7a9-b04df6fa00e9_b4b4f20f-0713-46eb-b9ee-b596e24976ce",
                  "value": "s%3A%7B%22minType%22%3A%22.TimeIntervalControl%22%2C%22advancedTimeMode%22%3Afalse%2C%22fromTime%22%3Anull%2C%22unit%22%3A%22DAYS%22%2C%22count%22%3A7%2C%22priorUnit%22%3Anull%2C%22priorCount%22%3Anull%2C%22startSubUnit%22%3Anull%2C%22startPeriod%22%3Anull%2C%22toTime%22%3Anull%2C%22endUnit%22%3Anull%2C%22endCount%22%3Anull%2C%22endSubUnit%22%3Anull%2C%22endPeriod%22%3Anull%7D"
               }
            ],
            "title": "vDS Switch Stats",
            "type": "View"
         },
         {
            "collapsed": false,
            "config": {
               "boxColumns": 5,
               "boxHeight": null,
               "customFilter": {
                  "excludedResources": null,
                  "filter": [],
                  "includedResources": null
               },
               "depth": 1,
               "labelSize": 12,
               "maxCellCount": 100,
               "metric": {
                  "mode": "resourceKind",
                  "resourceKindMetrics": [
                     {
                        "colorMethod": 2,
                        "id": "extModel81020-2",
                        "isStringMetric": false,
                        "label": "vCenters",
                        "link": "",
                        "metricKey": "summary|total_number_vcenters",
                        "metricName": "Summary|Total Number of vCenter Server(s)",
                        "metricUnitId": null,
                        "orangeBound": null,
                        "redBound": null,
                        "resourceKindId": "resourceKind:id:4_::_",
                        "resourceKindName": "vSphere World",
                        "unit": null,
                        "yellowBound": null
                     },
                     {
                        "colorMethod": 2,
                        "id": "extModel81020-5",
                        "isStringMetric": false,
                        "label": "Datacenters",
                        "link": "",
                        "metricKey": "summary|total_number_datacenters",
                        "metricName": "Summary|Total Number of Datacenters",
                        "metricUnitId": null,
                        "orangeBound": null,
                        "redBound": null,
                        "resourceKindId": "resourceKind:id:4_::_",
                        "resourceKindName": "vSphere World",
                        "unit": null,
                        "yellowBound": null
                     },
                     {
                        "colorMethod": 2,
                        "id": "extModel81020-6",
                        "isStringMetric": false,
                        "label": "Clusters",
                        "link": "",
                        "metricKey": "summary|total_number_clusters",
                        "metricName": "Summary|Total Number of Clusters",
                        "metricUnitId": null,
                        "orangeBound": null,
                        "redBound": null,
                        "resourceKindId": "resourceKind:id:4_::_",
                        "resourceKindName": "vSphere World",
                        "unit": null,
                        "yellowBound": null
                     },
                     {
                        "colorMethod": 2,
                        "id": "extModel81020-3",
                        "isStringMetric": false,
                        "label": "Hosts",
                        "link": "",
                        "metricKey": "summary|total_number_hosts",
                        "metricName": "Summary|Total Number of Hosts",
                        "metricUnitId": null,
                        "orangeBound": null,
                        "redBound": null,
                        "resourceKindId": "resourceKind:id:4_::_",
                        "resourceKindName": "vSphere World",
                        "unit": null,
                        "yellowBound": null
                     },
                     {
                        "colorMethod": 2,
                        "id": "extModel81020-4",
                        "isStringMetric": false,
                        "label": "Datastores",
                        "link": "",
                        "metricKey": "summary|total_number_datastores",
                        "metricName": "Summary|Total Number of Datastores",
                        "metricUnitId": null,
                        "orangeBound": null,
                        "redBound": null,
                        "resourceKindId": "resourceKind:id:4_::_",
                        "resourceKindName": "vSphere World",
                        "unit": null,
                        "yellowBound": null
                     },
                     {
                        "colorMethod": 2,
                        "id": "extModel81020-1",
                        "isStringMetric": false,
                        "label": "Total VMs",
                        "link": "",
                        "metricKey": "summary|total_number_vms",
                        "metricName": "Summary|Total Number of VMs",
                        "metricUnitId": null,
                        "orangeBound": null,
                        "redBound": null,
                        "resourceKindId": "resourceKind:id:4_::_",
                        "resourceKindName": "vSphere World",
                        "unit": null,
                        "yellowBound": null
                     },
                     {
                        "colorMethod": 2,
                        "id": "extModel81020-7",
                        "isStringMetric": false,
                        "label": "VMs (On)",
                        "link": "",
                        "metricKey": "summary|number_running_vms",
                        "metricName": "Summary|Number of Running VMs",
                        "metricUnitId": "VMs",
                        "orangeBound": null,
                        "redBound": null,
                        "resourceKindId": "resourceKind:id:4_::_",
                        "resourceKindName": "vSphere World",
                        "unit": "VMs",
                        "yellowBound": null
                     },
                     {
                        "colorMethod": 2,
                        "id": "extModel81020-9",
                        "isStringMetric": false,
                        "label": "VMs (Off)",
                        "link": "",
                        "metricKey": "summary|number_poweredOff_vms",
                        "metricName": "Summary|Number of Powered Off VMs",
                        "metricUnitId": null,
                        "orangeBound": null,
                        "redBound": null,
                        "resourceKindId": "resourceKind:id:4_::_",
                        "resourceKindName": "vSphere World",
                        "unit": null,
                        "yellowBound": null
                     },
                     {
                        "colorMethod": 2,
                        "id": "extModel81020-10",
                        "isStringMetric": false,
                        "label": "VMs (On) per Host",
                        "link": "",
                        "metricKey": "summary|avg_vm_density",
                        "metricName": "Summary|Average Running VM Count per Running Host",
                        "metricUnitId": null,
                        "orangeBound": null,
                        "redBound": null,
                        "resourceKindId": "resourceKind:id:4_::_",
                        "resourceKindName": "vSphere World",
                        "unit": null,
                        "yellowBound": null
                     },
                     {
                        "colorMethod": 2,
                        "id": "extModel88809-1",
                        "isStringMetric": false,
                        "label": "VMs Per Host",
                        "link": "",
                        "metricKey": "summary|vm_count_per_host",
                        "metricName": "Summary|VM Count per Host",
                        "metricUnitId": null,
                        "orangeBound": null,
                        "redBound": null,
                        "resourceKindId": "resourceKind:id:4_::_",
                        "resourceKindName": "vSphere World",
                        "unit": null,
                        "yellowBound": null
                     },
                     {
                        "colorMethod": 2,
                        "id": "extModel91558-6",
                        "isStringMetric": false,
                        "label": "Datacenters",
                        "link": "",
                        "metricKey": "summary|total_number_datacenters",
                        "metricName": "Summary|Total Number of Datacenters",
                        "metricUnitId": null,
                        "orangeBound": null,
                        "redBound": null,
                        "resourceKindId": "resourceKind:id:1_::_",
                        "resourceKindName": "vCenter Server",
                        "unit": null,
                        "yellowBound": null
                     },
                     {
                        "colorMethod": 2,
                        "id": "extModel91558-5",
                        "isStringMetric": false,
                        "label": "Clusters",
                        "link": "",
                        "metricKey": "summary|total_number_clusters",
                        "metricName": "Summary|Total Number of Clusters",
                        "metricUnitId": null,
                        "orangeBound": null,
                        "redBound": null,
                        "resourceKindId": "resourceKind:id:1_::_",
                        "resourceKindName": "vCenter Server",
                        "unit": null,
                        "yellowBound": null
                     },
                     {
                        "colorMethod": 2,
                        "id": "extModel91558-8",
                        "isStringMetric": false,
                        "label": "Hosts",
                        "link": "",
                        "metricKey": "summary|total_number_hosts",
                        "metricName": "Summary|Total Number of Hosts",
                        "metricUnitId": null,
                        "orangeBound": null,
                        "redBound": null,
                        "resourceKindId": "resourceKind:id:1_::_",
                        "resourceKindName": "vCenter Server",
                        "unit": null,
                        "yellowBound": null
                     },
                     {
                        "colorMethod": 2,
                        "id": "extModel12845-1",
                        "isStringMetric": false,
                        "label": "Running Hosts",
                        "link": "",
                        "metricKey": "summary|number_running_hosts",
                        "metricName": "Summary|Number of Running Hosts",
                        "metricUnitId": null,
                        "orangeBound": null,
                        "redBound": null,
                        "resourceKindId": "resourceKind:id:1_::_",
                        "resourceKindName": "vCenter Server",
                        "unit": null,
                        "yellowBound": null
                     },
                     {
                        "colorMethod": 2,
                        "id": "extModel91558-7",
                        "isStringMetric": false,
                        "label": "Datastores",
                        "link": "",
                        "metricKey": "summary|total_number_datastores",
                        "metricName": "Summary|Total Number of Datastores",
                        "metricUnitId": null,
                        "orangeBound": null,
                        "redBound": null,
                        "resourceKindId": "resourceKind:id:1_::_",
                        "resourceKindName": "vCenter Server",
                        "unit": null,
                        "yellowBound": null
                     },
                     {
                        "colorMethod": 2,
                        "id": "extModel91558-9",
                        "isStringMetric": false,
                        "label": "Total VMs",
                        "link": "",
                        "metricKey": "summary|total_number_vms",
                        "metricName": "Summary|Total Number of VMs",
                        "metricUnitId": null,
                        "orangeBound": null,
                        "redBound": null,
                        "resourceKindId": "resourceKind:id:1_::_",
                        "resourceKindName": "vCenter Server",
                        "unit": null,
                        "yellowBound": null
                     },
                     {
                        "colorMethod": 2,
                        "id": "extModel91558-4",
                        "isStringMetric": false,
                        "label": "VMs (On)",
                        "link": "",
                        "metricKey": "summary|number_running_vms",
                        "metricName": "Summary|Number of Running VMs",
                        "metricUnitId": -1,
                        "orangeBound": null,
                        "redBound": null,
                        "resourceKindId": "resourceKind:id:1_::_",
                        "resourceKindName": "vCenter Server",
                        "unit": "Auto",
                        "yellowBound": null
                     },
                     {
                        "colorMethod": 2,
                        "id": "extModel91558-2",
                        "isStringMetric": false,
                        "label": "VMs (Off)",
                        "link": "",
                        "metricKey": "summary|number_poweredOff_vms",
                        "metricName": "Summary|Number of Powered Off VMs",
                        "metricUnitId": null,
                        "orangeBound": null,
                        "redBound": null,
                        "resourceKindId": "resourceKind:id:1_::_",
                        "resourceKindName": "vCenter Server",
                        "unit": null,
                        "yellowBound": null
                     },
                     {
                        "colorMethod": 2,
                        "id": "extModel91558-1",
                        "isStringMetric": false,
                        "label": "VMs (On) per Host",
                        "link": "",
                        "metricKey": "summary|avg_vm_density",
                        "metricName": "Summary|Average Running VM Count per Running Host",
                        "metricUnitId": null,
                        "orangeBound": null,
                        "redBound": null,
                        "resourceKindId": "resourceKind:id:1_::_",
                        "resourceKindName": "vCenter Server",
                        "unit": null,
                        "yellowBound": null
                     },
                     {
                        "colorMethod": 2,
                        "id": "extModel91558-10",
                        "isStringMetric": false,
                        "label": "VMs per Host",
                        "link": "",
                        "metricKey": "summary|vm_count_per_host",
                        "metricName": "Summary|VM Count per Host",
                        "metricUnitId": null,
                        "orangeBound": null,
                        "redBound": null,
                        "resourceKindId": "resourceKind:id:1_::_",
                        "resourceKindName": "vCenter Server",
                        "unit": null,
                        "yellowBound": null
                     }
                  ],
                  "resourceMetrics": [],
                  "subMode": "resourceKindAll"
               },
               "mode": {"layoutMode": "fixedView"},
               "oldMetricValues": false,
               "periodLength": null,
               "refreshContent": {"refreshContent": false},
               "refreshInterval": 300,
               "relationshipMode": {"relationshipMode": 0},
               "resInteractionMode": null,
               "resource": [{
                  "id": "resource:id:0_::_",
                  "name": "vSphere World"
               }],
               "roundDecimals": 1,
               "selfProvider": {"selfProvider": false},
               "showDT": {"showDT": false},
               "showMetricName": {"showMetricName": true},
               "showMetricUnit": {"showMetricUnit": true},
               "showResourceName": {"showResourceName": false},
               "showSparkline": {"showSparkline": false},
               "title": "VMware Environment Inventory",
               "valueSize": 16,
               "visualTheme": 5
            },
            "gridsterCoords": {
               "h": 4,
               "w": 12,
               "x": 1,
               "y": 8
            },
            "height": 210,
            "id": "dcbb1b6c-55aa-46dd-9457-62cf0594933d",
            "title": "VMware Environment Inventory",
            "type": "Scoreboard"
         },
         {
            "collapsed": false,
            "config": {
               "additionalColumns": [
                  {
                     "boxLabel": "Total VMs",
                     "metricKey": "summary|total_number_vms",
                     "metricName": "Summary|Total Number of VMs",
                     "resourceKindId": "resourceKind:id:1_::_"
                  },
                  {
                     "boxLabel": "Clusters",
                     "metricKey": "summary|total_number_clusters",
                     "metricName": "Summary|Total Number of Clusters",
                     "resourceKindId": "resourceKind:id:1_::_"
                  },
                  {
                     "boxLabel": "Hosts",
                     "metricKey": "summary|total_number_hosts",
                     "metricName": "Summary|Total Number of Hosts",
                     "resourceKindId": "resourceKind:id:1_::_"
                  },
                  {
                     "boxLabel": "Datastores",
                     "metricKey": "summary|total_number_datastores",
                     "metricName": "Summary|Total Number of Datastores",
                     "resourceKindId": "resourceKind:id:1_::_"
                  },
                  {
                     "boxLabel": "Running VMs Per Host",
                     "metricKey": "summary|avg_vm_density",
                     "metricName": "Summary|Average Running VM Count per Running Host",
                     "resourceKindId": "resourceKind:id:1_::_"
                  },
                  {
                     "boxLabel": "CPU %",
                     "metricKey": "cpu|capacity_usagepct_average",
                     "metricName": "CPU|Capacity Usage (%)",
                     "resourceKindId": "resourceKind:id:1_::_"
                  },
                  {
                     "boxLabel": "Disk %",
                     "metricKey": "diskspace|demand|workload",
                     "metricName": "Disk Space|Demand|Workload (%)",
                     "resourceKindId": "resourceKind:id:1_::_"
                  },
                  {
                     "boxLabel": "MEM %",
                     "metricKey": "mem|host_usagePct",
                     "metricName": "Memory|Usage / Usable (%)",
                     "resourceKindId": "resourceKind:id:1_::_"
                  }
               ],
               "customFilter": {
                  "excludedResources": null,
                  "filter": [],
                  "includedResources": null
               },
               "depth": 1,
               "filterMode": "tagPicker",
               "mode": "all",
               "refreshContent": {"refreshContent": false},
               "refreshInterval": 300,
               "relationshipMode": {"relationshipMode": 0},
               "resource": [],
               "selectFirstRow": {"selectFirstRow": false},
               "selfProvider": {"selfProvider": true},
               "tagFilter": {
                  "path": [
                     "/source/kind/kind:resourceKind:id:4_::_",
                     "/source/kind/kind:resourceKind:id:1_::_"
                  ],
                  "value": {
                     "adapterInstance": [],
                     "adapterKind": [],
                     "bus": [],
                     "collector": [],
                     "day": [],
                     "exclaim": false,
                     "healthRange": [],
                     "kind": [
                        "resourceKind:id:4_::_",
                        "resourceKind:id:1_::_"
                     ],
                     "maintenanceSchedule": [],
                     "state": [],
                     "status": [],
                     "tag": [],
                     "tier": []
                  }
               },
               "title": "Select an Environment"
            },
            "gridsterCoords": {
               "h": 7,
               "w": 8,
               "x": 1,
               "y": 1
            },
            "height": 381,
            "id": "82fb8afb-950f-4d44-8033-2511b5b78772",
            "states": [
               {
                  "key": "perm_toolbarVisible_widget_e5587cdd-eadf-41a4-b7a9-b04df6fa00e9_82fb8afb-950f-4d44-8033-2511b5b78772",
                  "value": "b%3A1"
               },
               {
                  "key": "permResGrid_widget_e5587cdd-eadf-41a4-b7a9-b04df6fa00e9_82fb8afb-950f-4d44-8033-2511b5b78772",
                  "value": "o%3Acolumns%3Da%253Ao%25253Aid%25253Ds%2525253Ah1%25255Ehidden%25253Db%2525253A1%25255Ewidth%25253Dn%2525253A100%255Eo%25253Aid%25253Ds%2525253Ah2%25255Ewidth%25253Dn%2525253A189%255Eo%25253Aid%25253Ds%2525253Ah3%25255Ehidden%25253Db%2525253A1%25255Ewidth%25253Dn%2525253A100%255Eo%25253Aid%25253Ds%2525253Ah4%25255Ehidden%25253Db%2525253A1%255Eo%25253Aid%25253Ds%2525253Ah5%25255Ewidth%25253Dn%2525253A129%255Eo%25253Aid%25253Ds%2525253Ah6%25255Ehidden%25253Db%2525253A1%255Eo%25253Aid%25253Ds%2525253Ah7%25255Ehidden%25253Db%2525253A1%25255Ewidth%25253Dn%2525253A100%255Eo%25253Aid%25253Ds%2525253Ah8%25255Ehidden%25253Db%2525253A1%25255Ewidth%25253Dn%2525253A100%255Eo%25253Aid%25253Ds%2525253Ah9%25255Ehidden%25253Db%2525253A1%25255Ewidth%25253Dn%2525253A100%255Eo%25253Aid%25253Ds%2525253Ah10%25255Ehidden%25253Db%2525253A1%25255Ewidth%25253Dn%2525253A100%255Eo%25253Aid%25253Ds%2525253Ah11%25255Ehidden%25253Db%2525253A1%25255Ewidth%25253Dn%2525253A100%255Eo%25253Aid%25253Ds%2525253Ah12%25255Ehidden%25253Db%2525253A1%25255Ewidth%25253Dn%2525253A100%255Eo%25253Aid%25253Ds%2525253Ah13%25255Ehidden%25253Db%2525253A1%25255Ewidth%25253Dn%2525253A100%255Eo%25253Aid%25253Ds%2525253Ah14%25255Ehidden%25253Db%2525253A1%255Eo%25253Aid%25253Ds%2525253Ah15%25255Ehidden%25253Db%2525253A1%255Eo%25253Aid%25253Ds%2525253Ah16%25255Ehidden%25253Db%2525253A1%25255Ewidth%25253Dn%2525253A100%255Eo%25253Aid%25253Ds%2525253AresourceRating%25255Ehidden%25253Db%2525253A1%255Eo%25253Aid%25253Ds%2525253Ah18%25255Ehidden%25253Db%2525253A0%25255Ewidth%25253Dn%2525253A88%255Eo%25253Aid%25253Ds%2525253Ah19%25255Ehidden%25253Db%2525253A0%25255Ewidth%25253Dn%2525253A83%255Eo%25253Aid%25253Ds%2525253Ah20%25255Ehidden%25253Db%2525253A0%25255Ewidth%25253Dn%2525253A73%255Eo%25253Aid%25253Ds%2525253Ah21%25255Ehidden%25253Db%2525253A0%25255Ewidth%25253Dn%2525253A101%255Eo%25253Aid%25253Ds%2525253Ah22%25255Ehidden%25253Db%2525253A0%25255Ewidth%25253Dn%2525253A139%255Eo%25253Aid%25253Ds%2525253Ah23%25255Ehidden%25253Db%2525253A0%25255Ewidth%25253Dn%2525253A78%255Eo%25253Aid%25253Ds%2525253Ah25%25255Ehidden%25253Db%2525253A0%25255Ewidth%25253Dn%2525253A78%255Eo%25253Aid%25253Ds%2525253Ah24%25255Ehidden%25253Db%2525253A0%25255Ewidth%25253Dn%2525253A62%255Eo%25253Aid%25253Ds%2525253Ah26%25255Ehidden%25253Db%2525253A1%25255Ewidth%25253Dn%2525253A100%255Eo%25253Aid%25253Ds%2525253Ah27%25255Ehidden%25253Db%2525253A1%25255Ewidth%25253Dn%2525253A100%255Eo%25253Aid%25253Ds%2525253Ah28%25255Ehidden%25253Db%2525253A1%25255Ewidth%25253Dn%2525253A100%255Eo%25253Aid%25253Ds%2525253Ah29%25255Ehidden%25253Db%2525253A1%25255Ewidth%25253Dn%2525253A100%255Eo%25253Aid%25253Ds%2525253Ah30%25255Ehidden%25253Db%2525253A1%25255Ewidth%25253Dn%2525253A100%255Eo%25253Aid%25253Ds%2525253Ah31%25255Ehidden%25253Db%2525253A1%25255Ewidth%25253Dn%2525253A100%255Eo%25253Aid%25253Ds%2525253Ah32%25255Ehidden%25253Db%2525253A1%25255Ewidth%25253Dn%2525253A100%255Eo%25253Aid%25253Ds%2525253Ah33%25255Ehidden%25253Db%2525253A1%25255Ewidth%25253Dn%2525253A100%255Eo%25253Aid%25253Ds%2525253Ah34%25255Ehidden%25253Db%2525253A1%25255Ewidth%25253Dn%2525253A100%255Eo%25253Aid%25253Ds%2525253Ah35%25255Ehidden%25253Db%2525253A1%25255Ewidth%25253Dn%2525253A100%255Eo%25253Aid%25253Ds%2525253Ah36%25255Ehidden%25253Db%2525253A1%25255Ewidth%25253Dn%2525253A100%255Eo%25253Aid%25253Ds%2525253Ah37%25255Ehidden%25253Db%2525253A1%25255Ewidth%25253Dn%2525253A100%255Eo%25253Aid%25253Ds%2525253Ah38%25255Ehidden%25253Db%2525253A1%25255Ewidth%25253Dn%2525253A100%255Eo%25253Aid%25253Ds%2525253Ah39%25255Ehidden%25253Db%2525253A1%25255Ewidth%25253Dn%2525253A100%255Eo%25253Aid%25253Ds%2525253Ah40%25255Ehidden%25253Db%2525253A1%25255Ewidth%25253Dn%2525253A100%255Eo%25253Aid%25253Ds%2525253Ah41%25255Ehidden%25253Db%2525253A1%25255Ewidth%25253Dn%2525253A100%255Eo%25253Aid%25253Ds%2525253Ah42%25255Ehidden%25253Db%2525253A1%25255Ewidth%25253Dn%2525253A100%255Eo%25253Aid%25253Ds%2525253Ah43%25255Ehidden%25253Db%2525253A1%25255Ewidth%25253Dn%2525253A100%255Eo%25253Aid%25253Ds%2525253Ah44%25255Ehidden%25253Db%2525253A1%25255Ewidth%25253Dn%2525253A100%255Eo%25253Aid%25253Ds%2525253Ah45%25255Ehidden%25253Db%2525253A1%25255Ewidth%25253Dn%2525253A100%255Eo%25253Aid%25253Ds%2525253Ah46%25255Ehidden%25253Db%2525253A1%25255Ewidth%25253Dn%2525253A100%255Eo%25253Aid%25253Ds%2525253Ah47%25255Ehidden%25253Db%2525253A1%25255Ewidth%25253Dn%2525253A100%5EstoreState%3Do%253Asorters%253Da%25253Ao%2525253Aroot%2525253Ds%252525253Adata%2525255Eproperty%2525253Ds%252525253AmetricValue_%252525253A%252525253A_summary%252525257Ctotal_number_vms%2525255Edirection%2525253Ds%252525253ADESC%2525255Eid%2525253Ds%252525253AmetricValue_%252525253A%252525253A_summary%252525257Ctotal_number_vms"
               }
            ],
            "title": "Select an Environment",
            "type": "ResourceList"
         },
         {
            "collapsed": false,
            "config": {
               "boxColumns": 4,
               "boxHeight": null,
               "customFilter": {
                  "excludedResources": null,
                  "filter": [],
                  "includedResources": null
               },
               "depth": 1,
               "labelSize": 12,
               "maxCellCount": 100,
               "metric": {
                  "mode": "resourceKind",
                  "resourceKindMetrics": [
                     {
                        "colorMethod": 2,
                        "id": "extModel2783-3",
                        "isStringMetric": false,
                        "label": "CPU Total",
                        "link": "",
                        "metricKey": "cpu|capacity_provisioned",
                        "metricName": "CPU|Total Capacity",
                        "metricUnitId": "ghz",
                        "orangeBound": null,
                        "redBound": null,
                        "resourceKindId": "resourceKind:id:1_::_",
                        "resourceKindName": "vCenter Server",
                        "unit": "GHz",
                        "yellowBound": null
                     },
                     {
                        "colorMethod": 2,
                        "id": "extModel2783-1",
                        "isStringMetric": false,
                        "label": "Physical CPUs",
                        "link": "",
                        "metricKey": "cpu|corecount_provisioned",
                        "metricName": "CPU|Number of physical CPUs",
                        "metricUnitId": -1,
                        "orangeBound": 0,
                        "redBound": 0,
                        "resourceKindId": "resourceKind:id:1_::_",
                        "resourceKindName": "vCenter Server",
                        "unit": "Auto",
                        "yellowBound": 0
                     },
                     {
                        "colorMethod": 2,
                        "id": "extModel2783-7",
                        "isStringMetric": false,
                        "label": "MEM Total",
                        "link": "",
                        "metricKey": "mem|host_provisioned",
                        "metricName": "Memory|Total Capacity",
                        "metricUnitId": "gb",
                        "orangeBound": null,
                        "redBound": null,
                        "resourceKindId": "resourceKind:id:1_::_",
                        "resourceKindName": "vCenter Server",
                        "unit": "GB",
                        "yellowBound": null
                     },
                     {
                        "colorMethod": 2,
                        "id": "extModel2783-5",
                        "isStringMetric": false,
                        "label": "Disk Total",
                        "link": "",
                        "metricKey": "diskspace|total_capacity",
                        "metricName": "Disk Space|Total Capacity",
                        "metricUnitId": -1,
                        "orangeBound": null,
                        "redBound": null,
                        "resourceKindId": "resourceKind:id:1_::_",
                        "resourceKindName": "vCenter Server",
                        "unit": "Auto",
                        "yellowBound": null
                     },
                     {
                        "colorMethod": 2,
                        "id": "extModel6047-2",
                        "isStringMetric": false,
                        "label": "CPU Total",
                        "link": "",
                        "metricKey": "cpu|capacity_provisioned",
                        "metricName": "CPU|Total Capacity",
                        "metricUnitId": "ghz",
                        "orangeBound": null,
                        "redBound": null,
                        "resourceKindId": "resourceKind:id:4_::_",
                        "resourceKindName": "vSphere World",
                        "unit": "GHz",
                        "yellowBound": null
                     },
                     {
                        "colorMethod": 2,
                        "id": "extModel6047-1",
                        "isStringMetric": false,
                        "label": "Physical CPUs",
                        "link": "",
                        "metricKey": "cpu|corecount_provisioned",
                        "metricName": "CPU|Number of physical CPUs",
                        "metricUnitId": -1,
                        "orangeBound": null,
                        "redBound": null,
                        "resourceKindId": "resourceKind:id:4_::_",
                        "resourceKindName": "vSphere World",
                        "unit": "Auto",
                        "yellowBound": null
                     },
                     {
                        "colorMethod": 2,
                        "id": "extModel6047-5",
                        "isStringMetric": false,
                        "label": "MEM Total",
                        "link": "",
                        "metricKey": "mem|host_provisioned",
                        "metricName": "Memory|Total Capacity",
                        "metricUnitId": "gb",
                        "orangeBound": null,
                        "redBound": null,
                        "resourceKindId": "resourceKind:id:4_::_",
                        "resourceKindName": "vSphere World",
                        "unit": "GB",
                        "yellowBound": null
                     },
                     {
                        "colorMethod": 2,
                        "id": "extModel6047-4",
                        "isStringMetric": false,
                        "label": "Disk Total",
                        "link": "",
                        "metricKey": "diskspace|total_capacity",
                        "metricName": "Disk Space|Total Capacity",
                        "metricUnitId": -1,
                        "orangeBound": null,
                        "redBound": null,
                        "resourceKindId": "resourceKind:id:4_::_",
                        "resourceKindName": "vSphere World",
                        "unit": "Auto",
                        "yellowBound": null
                     }
                  ],
                  "resourceMetrics": [],
                  "subMode": "resourceKindAll"
               },
               "mode": {"layoutMode": "fixedView"},
               "oldMetricValues": false,
               "periodLength": null,
               "refreshContent": {"refreshContent": false},
               "refreshInterval": 300,
               "relationshipMode": {"relationshipMode": 0},
               "resInteractionMode": null,
               "resource": [],
               "roundDecimals": 0,
               "selfProvider": {"selfProvider": false},
               "showDT": {"showDT": false},
               "showMetricName": {"showMetricName": true},
               "showMetricUnit": {"showMetricUnit": true},
               "showResourceName": {"showResourceName": false},
               "showSparkline": {"showSparkline": false},
               "title": "Total Usable Capacity (Excludes HA Buffers)",
               "valueSize": 16,
               "visualTheme": 5
            },
            "gridsterCoords": {
               "h": 3,
               "w": 6,
               "x": 1,
               "y": 12
            },
            "height": 153,
            "id": "2ee28a1b-8075-45f7-a583-78a2c29694fd",
            "title": "Total Usable Capacity (Excludes HA Buffers)",
            "type": "Scoreboard"
         },
         {
            "collapsed": false,
            "config": {
               "chartViewItems": [
                  "legend",
                  "labels",
                  "title"
               ],
               "isUpdatedView": true,
               "refreshContent": {"refreshContent": false},
               "refreshInterval": 300,
               "resource": null,
               "selectFirstRow": {"selectFirstRow": false},
               "selfProvider": {"selfProvider": false},
               "title": "Operating System Distribution",
               "traversalSpecId": "",
               "viewDefinitionId": "19729c38-20e3-4fea-bb9f-0576126c25ec"
            },
            "gridsterCoords": {
               "h": 7,
               "w": 6,
               "x": 1,
               "y": 25
            },
            "height": 381,
            "id": "ba80ded2-b3a1-496e-8b03-9d719a4b2c99",
            "states": [{
               "key": "perm_toolbarVisible_widget_e5587cdd-eadf-41a4-b7a9-b04df6fa00e9_ba80ded2-b3a1-496e-8b03-9d719a4b2c99",
               "value": "b%3A1"
            }],
            "title": "Operating System Distribution",
            "type": "View"
         },
         {
            "collapsed": false,
            "config": {
               "boxColumns": 4,
               "boxHeight": null,
               "customFilter": {
                  "excludedResources": null,
                  "filter": [],
                  "includedResources": null
               },
               "depth": 1,
               "labelSize": 12,
               "maxCellCount": 100,
               "metric": {
                  "mode": "resourceKind",
                  "resourceKindMetrics": [
                     {
                        "colorMethod": 2,
                        "id": "extModel75475-2",
                        "isStringMetric": false,
                        "label": "CPU Used",
                        "link": "",
                        "metricKey": "cpu|usagemhz_average",
                        "metricName": "CPU|Usage",
                        "metricUnitId": "ghz",
                        "orangeBound": null,
                        "redBound": null,
                        "resourceKindId": "resourceKind:id:1_::_",
                        "resourceKindName": "vCenter Server",
                        "unit": "GHz",
                        "yellowBound": null
                     },
                     {
                        "colorMethod": 2,
                        "id": "extModel75475-3",
                        "isStringMetric": false,
                        "label": "vCPUs Running",
                        "link": "",
                        "metricKey": "summary|number_running_vcpus",
                        "metricName": "Summary|Number of vCPUs on Powered On VMs",
                        "metricUnitId": "vCPUs",
                        "orangeBound": null,
                        "redBound": null,
                        "resourceKindId": "resourceKind:id:1_::_",
                        "resourceKindName": "vCenter Server",
                        "unit": "vCPUs",
                        "yellowBound": null
                     },
                     {
                        "colorMethod": 2,
                        "handleOldColoring": false,
                        "id": "extModel14779-1",
                        "isStringMetric": false,
                        "label": "Memory Used",
                        "link": "",
                        "metricKey": "mem|total_need",
                        "metricName": "Memory|Utilization",
                        "metricUnitId": "gb",
                        "orangeBound": null,
                        "redBound": null,
                        "resourceKindId": "resourceKind:id:1_::_",
                        "resourceKindName": "vCenter Server",
                        "unit": "GB",
                        "yellowBound": null
                     },
                     {
                        "colorMethod": 2,
                        "id": "extModel75475-1",
                        "isStringMetric": false,
                        "label": "Storage Used",
                        "link": "",
                        "metricKey": "diskspace|total_usage",
                        "metricName": "Disk Space|Utilization",
                        "metricUnitId": -1,
                        "orangeBound": null,
                        "redBound": null,
                        "resourceKindId": "resourceKind:id:1_::_",
                        "resourceKindName": "vCenter Server",
                        "unit": "Auto",
                        "yellowBound": null
                     },
                     {
                        "colorMethod": 2,
                        "id": "extModel102388-1",
                        "isStringMetric": false,
                        "label": "CPU Used",
                        "link": "",
                        "metricKey": "cpu|usagemhz_average",
                        "metricName": "CPU|Usage",
                        "metricUnitId": "ghz",
                        "orangeBound": null,
                        "redBound": null,
                        "resourceKindId": "resourceKind:id:4_::_",
                        "resourceKindName": "vSphere World",
                        "unit": "GHz",
                        "yellowBound": null
                     },
                     {
                        "colorMethod": 2,
                        "id": "extModel102388-2",
                        "isStringMetric": false,
                        "label": "vCPUs Running",
                        "link": "",
                        "metricKey": "summary|number_running_vcpus",
                        "metricName": "Summary|Number of vCPUs on Powered On VMs",
                        "metricUnitId": null,
                        "orangeBound": null,
                        "redBound": null,
                        "resourceKindId": "resourceKind:id:4_::_",
                        "resourceKindName": "vSphere World",
                        "unit": null,
                        "yellowBound": null
                     },
                     {
                        "colorMethod": 2,
                        "id": "extModel102388-3",
                        "isStringMetric": false,
                        "label": "",
                        "link": "",
                        "metricKey": "mem|host_demand",
                        "metricName": "Memory|Machine Demand",
                        "metricUnitId": "gb",
                        "orangeBound": null,
                        "redBound": null,
                        "resourceKindId": "resourceKind:id:4_::_",
                        "resourceKindName": "vSphere World",
                        "unit": "GB",
                        "yellowBound": null
                     }
                  ],
                  "resourceMetrics": [],
                  "subMode": "resourceKindAll"
               },
               "mode": {"layoutMode": "fixedView"},
               "oldMetricValues": false,
               "periodLength": null,
               "refreshContent": {"refreshContent": false},
               "refreshInterval": 300,
               "relationshipMode": {"relationshipMode": 0},
               "resInteractionMode": null,
               "resource": [],
               "roundDecimals": 0,
               "selfProvider": {"selfProvider": false},
               "showDT": {"showDT": false},
               "showMetricName": {"showMetricName": true},
               "showMetricUnit": {"showMetricUnit": true},
               "showResourceName": {"showResourceName": false},
               "showSparkline": {"showSparkline": false},
               "title": "Used Capacity",
               "valueSize": 16,
               "visualTheme": 5
            },
            "gridsterCoords": {
               "h": 3,
               "w": 6,
               "x": 1,
               "y": 15
            },
            "height": 153,
            "id": "5aabf5e9-db1e-4781-8541-647ca9cc1c1e",
            "title": "Used Capacity",
            "type": "Scoreboard"
         },
         {
            "collapsed": false,
            "config": {
               "boxColumns": 3,
               "boxHeight": null,
               "customFilter": {
                  "excludedResources": null,
                  "filter": [],
                  "includedResources": null
               },
               "depth": 1,
               "labelSize": 12,
               "maxCellCount": 100,
               "metric": {
                  "mode": "resourceKind",
                  "resourceKindMetrics": [
                     {
                        "colorMethod": 2,
                        "id": "extModel89769-1",
                        "isStringMetric": false,
                        "label": "Disk IOPs",
                        "link": "",
                        "metricKey": "disk|commandsAveraged_average",
                        "metricName": "Disk|Total IOPS",
                        "metricUnitId": null,
                        "orangeBound": null,
                        "redBound": null,
                        "resourceKindId": "resourceKind:id:1_::_",
                        "resourceKindName": "vCenter Server",
                        "unit": null,
                        "yellowBound": null
                     },
                     {
                        "colorMethod": 2,
                        "id": "extModel91726-1",
                        "isStringMetric": false,
                        "label": "Disk Usage",
                        "link": "",
                        "metricKey": "disk|usage_average",
                        "metricName": "Disk|Total Throughput",
                        "metricUnitId": "mbps",
                        "orangeBound": null,
                        "redBound": null,
                        "resourceKindId": "resourceKind:id:1_::_",
                        "resourceKindName": "vCenter Server",
                        "unit": "MBps",
                        "yellowBound": null
                     },
                     {
                        "colorMethod": 2,
                        "id": "extModel89769-2",
                        "isStringMetric": false,
                        "label": "Network Usage",
                        "link": "",
                        "metricKey": "net|usage_average",
                        "metricName": "Network|Usage Rate",
                        "metricUnitId": "mbps",
                        "orangeBound": null,
                        "redBound": null,
                        "resourceKindId": "resourceKind:id:1_::_",
                        "resourceKindName": "vCenter Server",
                        "unit": "MBps",
                        "yellowBound": null
                     },
                     {
                        "colorMethod": 2,
                        "id": "extModel103339-1",
                        "isStringMetric": false,
                        "label": "Disk IOPs",
                        "link": "",
                        "metricKey": "disk|commandsAveraged_average",
                        "metricName": "Disk|Commands per second",
                        "metricUnitId": null,
                        "orangeBound": null,
                        "redBound": null,
                        "resourceKindId": "resourceKind:id:4_::_",
                        "resourceKindName": "vSphere World",
                        "unit": null,
                        "yellowBound": null
                     },
                     {
                        "colorMethod": 2,
                        "id": "extModel103339-2",
                        "isStringMetric": false,
                        "label": "Disk Usage",
                        "link": "",
                        "metricKey": "disk|usage_average",
                        "metricName": "Disk|Usage Rate",
                        "metricUnitId": "mbps",
                        "orangeBound": null,
                        "redBound": null,
                        "resourceKindId": "resourceKind:id:4_::_",
                        "resourceKindName": "vSphere World",
                        "unit": "MBps",
                        "yellowBound": null
                     },
                     {
                        "colorMethod": 2,
                        "id": "extModel103339-3",
                        "isStringMetric": false,
                        "label": "Network Usage",
                        "link": "",
                        "metricKey": "net|usage_average",
                        "metricName": "Network|Usage Rate",
                        "metricUnitId": "mbps",
                        "orangeBound": null,
                        "redBound": null,
                        "resourceKindId": "resourceKind:id:4_::_",
                        "resourceKindName": "vSphere World",
                        "unit": "MBps",
                        "yellowBound": null
                     }
                  ],
                  "resourceMetrics": [],
                  "subMode": "resourceKindAll"
               },
               "mode": {"layoutMode": "fixedView"},
               "oldMetricValues": false,
               "periodLength": null,
               "refreshContent": {"refreshContent": false},
               "refreshInterval": 300,
               "relationshipMode": {"relationshipMode": 0},
               "resInteractionMode": null,
               "resource": [],
               "roundDecimals": 0,
               "selfProvider": {"selfProvider": false},
               "showDT": {"showDT": false},
               "showMetricName": {"showMetricName": true},
               "showMetricUnit": {"showMetricUnit": true},
               "showResourceName": {"showResourceName": false},
               "showSparkline": {"showSparkline": false},
               "title": "Disk and Network Usage",
               "valueSize": 16,
               "visualTheme": 5
            },
            "gridsterCoords": {
               "h": 3,
               "w": 6,
               "x": 7,
               "y": 15
            },
            "height": 153,
            "id": "7cad2803-fc96-4a88-bb63-92d2ca759688",
            "title": "Disk and Network Usage",
            "type": "Scoreboard"
         },
         {
            "collapsed": false,
            "config": {
               "boxColumns": 4,
               "boxHeight": null,
               "customFilter": {
                  "excludedResources": null,
                  "filter": [],
                  "includedResources": null
               },
               "depth": 1,
               "labelSize": 12,
               "maxCellCount": 100,
               "metric": {
                  "mode": "resourceKind",
                  "resourceKindMetrics": [
                     {
                        "colorMethod": 2,
                        "id": "extModel93175-2",
                        "isStringMetric": false,
                        "label": "CPU Provisioned",
                        "link": "",
                        "metricKey": "cpu|vm_capacity_provisioned",
                        "metricName": "CPU|Provisioned Capacity",
                        "metricUnitId": "ghz",
                        "orangeBound": null,
                        "redBound": null,
                        "resourceKindId": "resourceKind:id:1_::_",
                        "resourceKindName": "vCenter Server",
                        "unit": "GHz",
                        "yellowBound": null
                     },
                     {
                        "colorMethod": 2,
                        "id": "extModel93175-1",
                        "isStringMetric": false,
                        "label": "vCPU Provisioned",
                        "link": "",
                        "metricKey": "cpu|vcpus_allocated_on_all_vms",
                        "metricName": "CPU|vCPUs Allocated on all Consumers",
                        "metricUnitId": null,
                        "orangeBound": null,
                        "redBound": null,
                        "resourceKindId": "resourceKind:id:1_::_",
                        "resourceKindName": "vCenter Server",
                        "unit": null,
                        "yellowBound": null
                     },
                     {
                        "colorMethod": 2,
                        "id": "extModel93175-3",
                        "isStringMetric": false,
                        "label": "Mem Provisioned",
                        "link": "",
                        "metricKey": "mem|memory_allocated_on_all_vms",
                        "metricName": "Memory|Memory Allocated on all Consumers",
                        "metricUnitId": "gb",
                        "orangeBound": null,
                        "redBound": null,
                        "resourceKindId": "resourceKind:id:1_::_",
                        "resourceKindName": "vCenter Server",
                        "unit": "GB",
                        "yellowBound": null
                     },
                     {
                        "colorMethod": 2,
                        "id": "extModel93175-4",
                        "isStringMetric": false,
                        "label": "Space Provisioned",
                        "link": "",
                        "metricKey": "diskspace|total_provisioned",
                        "metricName": "Disk Space|Total Provisioned Disk Space",
                        "metricUnitId": -1,
                        "orangeBound": null,
                        "redBound": null,
                        "resourceKindId": "resourceKind:id:1_::_",
                        "resourceKindName": "vCenter Server",
                        "unit": "Auto",
                        "yellowBound": null
                     },
                     {
                        "colorMethod": 2,
                        "id": "extModel104101-1",
                        "isStringMetric": false,
                        "label": "CPU Provisioned",
                        "link": "",
                        "metricKey": "cpu|vm_capacity_provisioned",
                        "metricName": "CPU|Provisioned Capacity",
                        "metricUnitId": "ghz",
                        "orangeBound": null,
                        "redBound": null,
                        "resourceKindId": "resourceKind:id:4_::_",
                        "resourceKindName": "vSphere World",
                        "unit": "GHz",
                        "yellowBound": null
                     },
                     {
                        "colorMethod": 2,
                        "id": "extModel104101-2",
                        "isStringMetric": false,
                        "label": "vCPU Provisioned",
                        "link": "",
                        "metricKey": "cpu|vcpus_allocated_on_all_vms",
                        "metricName": "CPU|vCPUs Allocated on all Consumers",
                        "metricUnitId": null,
                        "orangeBound": null,
                        "redBound": null,
                        "resourceKindId": "resourceKind:id:4_::_",
                        "resourceKindName": "vSphere World",
                        "unit": null,
                        "yellowBound": null
                     },
                     {
                        "colorMethod": 2,
                        "id": "extModel104101-3",
                        "isStringMetric": false,
                        "label": "Mem Provisioned",
                        "link": "",
                        "metricKey": "mem|memory_allocated_on_all_vms",
                        "metricName": "Memory|Memory Allocated on all Consumers",
                        "metricUnitId": "gb",
                        "orangeBound": null,
                        "redBound": null,
                        "resourceKindId": "resourceKind:id:4_::_",
                        "resourceKindName": "vSphere World",
                        "unit": "GB",
                        "yellowBound": null
                     }
                  ],
                  "resourceMetrics": [],
                  "subMode": "resourceKindAll"
               },
               "mode": {"layoutMode": "fixedView"},
               "oldMetricValues": false,
               "periodLength": null,
               "refreshContent": {"refreshContent": false},
               "refreshInterval": 300,
               "relationshipMode": {"relationshipMode": 0},
               "resInteractionMode": null,
               "resource": [],
               "roundDecimals": null,
               "selfProvider": {"selfProvider": false},
               "showDT": {"showDT": true},
               "showMetricName": {"showMetricName": true},
               "showMetricUnit": {"showMetricUnit": true},
               "showResourceName": {"showResourceName": false},
               "showSparkline": {"showSparkline": false},
               "title": "Provisioned Capacity",
               "valueSize": 16,
               "visualTheme": 5
            },
            "gridsterCoords": {
               "h": 3,
               "w": 6,
               "x": 7,
               "y": 12
            },
            "height": 153,
            "id": "884cd741-a061-4259-9d93-9b57da00155b",
            "title": "Provisioned Capacity",
            "type": "Scoreboard"
         },
         {
            "collapsed": false,
            "config": {
               "refreshContent": {"refreshContent": false},
               "refreshInterval": 300,
               "resource": null,
               "selfProvider": {"selfProvider": false},
               "title": "Inventory by Object Type"
            },
            "gridsterCoords": {
               "h": 7,
               "w": 4,
               "x": 9,
               "y": 1
            },
            "height": 381,
            "id": "de90d4e9-3de5-466b-89e7-25c7b76dd677",
            "title": "Inventory by Object Type",
            "type": "IntSummaryEnvironment"
         },
         {
            "collapsed": false,
            "config": {
               "chartViewItems": [
                  "labels",
                  "legend",
                  "title"
               ],
               "isUpdatedView": true,
               "refreshContent": {"refreshContent": false},
               "refreshInterval": 300,
               "resource": null,
               "selectFirstRow": {"selectFirstRow": false},
               "selfProvider": {"selfProvider": false},
               "title": "Physical ESXi Host Types",
               "traversalSpecId": "",
               "viewDefinitionId": "034e6137-4f14-486d-ba71-f90cec6468e1"
            },
            "gridsterCoords": {
               "h": 7,
               "w": 6,
               "x": 1,
               "y": 18
            },
            "height": 381,
            "id": "c2de1fb5-5b6d-4c7a-9c3b-e5781971078f",
            "states": [{
               "key": "perm_toolbarVisible_widget_e5587cdd-eadf-41a4-b7a9-b04df6fa00e9_c2de1fb5-5b6d-4c7a-9c3b-e5781971078f",
               "value": "b%3A1"
            }],
            "title": "Physical ESXi Host Types",
            "type": "View"
         },
         {
            "collapsed": false,
            "config": {
               "chartViewItems": [
                  "legend",
                  "labels",
                  "title"
               ],
               "isUpdatedView": true,
               "refreshContent": {"refreshContent": false},
               "refreshInterval": 300,
               "resource": null,
               "selectFirstRow": {"selectFirstRow": false},
               "selfProvider": {"selfProvider": false},
               "title": "ESXi Host Version",
               "traversalSpecId": "",
               "viewDefinitionId": "f1aeaa58-ce9a-4456-878e-1d9582a66711"
            },
            "gridsterCoords": {
               "h": 7,
               "w": 6,
               "x": 7,
               "y": 18
            },
            "height": 381,
            "id": "46ff743c-81be-4bed-a2a0-e8fd79bb0922",
            "states": [{
               "key": "perm_toolbarVisible_widget_e5587cdd-eadf-41a4-b7a9-b04df6fa00e9_46ff743c-81be-4bed-a2a0-e8fd79bb0922",
               "value": "b%3A1"
            }],
            "title": "ESXi Host Version",
            "type": "View"
         },
         {
            "collapsed": false,
            "config": {
               "chartViewItems": ["labels"],
               "isUpdatedView": true,
               "refreshContent": {"refreshContent": false},
               "refreshInterval": 300,
               "resource": null,
               "selectFirstRow": {"selectFirstRow": false},
               "selfProvider": {"selfProvider": false},
               "title": "VM Memory Configured",
               "traversalSpecId": "",
               "viewDefinitionId": "674aa965-d9a8-419a-bb76-19564dccb801"
            },
            "gridsterCoords": {
               "h": 7,
               "w": 6,
               "x": 7,
               "y": 25
            },
            "height": 381,
            "id": "05521312-57eb-4066-b298-853b2c5970f8",
            "states": [{
               "key": "perm_toolbarVisible_widget_e5587cdd-eadf-41a4-b7a9-b04df6fa00e9_05521312-57eb-4066-b298-853b2c5970f8",
               "value": "b%3A1"
            }],
            "title": "VM Memory Configured",
            "type": "View"
         },
         {
            "collapsed": false,
            "config": {
               "chartViewItems": [],
               "isUpdatedView": true,
               "refreshContent": {"refreshContent": false},
               "refreshInterval": 300,
               "resource": null,
               "selectFirstRow": {"selectFirstRow": false},
               "selfProvider": {"selfProvider": false},
               "title": "Datacenter Inventory",
               "traversalSpecId": "",
               "viewDefinitionId": "0f770934-ac88-444f-8edc-625584c0b918"
            },
            "gridsterCoords": {
               "h": 6,
               "w": 12,
               "x": 1,
               "y": 54
            },
            "height": 323,
            "id": "aae25e17-42e8-473c-af60-0c46291a77c0",
            "states": [{
               "key": "perm_toolbarVisible_widget_e5587cdd-eadf-41a4-b7a9-b04df6fa00e9_aae25e17-42e8-473c-af60-0c46291a77c0",
               "value": "b%3A1"
            }],
            "title": "Datacenter Inventory",
            "type": "View"
         },
         {
            "collapsed": false,
            "config": {
               "chartViewItems": [
                  "legend",
                  "labels",
                  "title"
               ],
               "isUpdatedView": true,
               "refreshContent": {"refreshContent": false},
               "refreshInterval": 300,
               "resource": null,
               "selectFirstRow": {"selectFirstRow": false},
               "selfProvider": {"selfProvider": false},
               "title": "Cluster Admission Control Enabled?",
               "traversalSpecId": "",
               "viewDefinitionId": "fce5dd1e-9f4f-4ec6-868b-869d2db7cd54"
            },
            "gridsterCoords": {
               "h": 6,
               "w": 3,
               "x": 7,
               "y": 32
            },
            "height": 324,
            "id": "2350953b-2fd1-4ee2-9b55-6d3597d81869",
            "title": "Cluster Admission Control Enabled?",
            "type": "View"
         },
         {
            "collapsed": false,
            "config": {
               "chartViewItems": [
                  "legend",
                  "labels",
                  "title"
               ],
               "isUpdatedView": true,
               "refreshContent": {"refreshContent": false},
               "refreshInterval": 300,
               "resource": null,
               "selectFirstRow": {"selectFirstRow": false},
               "selfProvider": {"selfProvider": false},
               "title": "Cluster DRS Enabled?",
               "traversalSpecId": "",
               "viewDefinitionId": "ac512b0c-2af3-43af-b0df-e6be5029abb6"
            },
            "gridsterCoords": {
               "h": 6,
               "w": 3,
               "x": 4,
               "y": 32
            },
            "height": 324,
            "id": "de6a2afa-1c8b-4218-afca-4c18803a9947",
            "title": "Cluster DRS Enabled?",
            "type": "View"
         },
         {
            "collapsed": false,
            "config": {
               "chartViewItems": [
                  "legend",
                  "labels",
                  "title"
               ],
               "isUpdatedView": true,
               "refreshContent": {"refreshContent": false},
               "refreshInterval": 300,
               "resource": null,
               "selectFirstRow": {"selectFirstRow": false},
               "selfProvider": {"selfProvider": false},
               "title": "Cluster HA Enabled?",
               "traversalSpecId": "",
               "viewDefinitionId": "a88c00b8-d90d-4b46-81cc-99575d367793"
            },
            "gridsterCoords": {
               "h": 6,
               "w": 3,
               "x": 1,
               "y": 32
            },
            "height": 324,
            "id": "0e3a69f3-2f3f-4c8a-be7e-16a7348d7463",
            "title": "Cluster HA Enabled?",
            "type": "View"
         },
         {
            "collapsed": false,
            "config": {
               "chartViewItems": [
                  "legend",
                  "labels",
                  "title"
               ],
               "isUpdatedView": true,
               "refreshContent": {"refreshContent": false},
               "refreshInterval": 300,
               "resource": null,
               "selectFirstRow": {"selectFirstRow": false},
               "selfProvider": {"selfProvider": false},
               "title": "Cluster DRS Fully Automated?",
               "traversalSpecId": "",
               "viewDefinitionId": "d51738a2-e82e-4322-aaed-948eeba01e99"
            },
            "gridsterCoords": {
               "h": 6,
               "w": 3,
               "x": 10,
               "y": 32
            },
            "height": 324,
            "id": "4cb8cb36-44e0-4fa8-b540-6a61181918a0",
            "title": "Cluster DRS Fully Automated?",
            "type": "View"
         },
         {
            "collapsed": false,
            "config": {
               "chartViewItems": [],
               "isUpdatedView": true,
               "refreshContent": {"refreshContent": false},
               "refreshInterval": 300,
               "resource": null,
               "selectFirstRow": {"selectFirstRow": false},
               "selfProvider": {"selfProvider": false},
               "title": "Resource Pools",
               "traversalSpecId": "",
               "viewDefinitionId": "33655c0f-8241-4d35-b9c7-65945de953be"
            },
            "gridsterCoords": {
               "h": 6,
               "w": 12,
               "x": 1,
               "y": 73
            },
            "height": 324,
            "id": "37feb32a-6ad7-44d3-b881-904d02822f1a",
            "states": [{
               "key": "perm_toolbarVisible_widget_e5587cdd-eadf-41a4-b7a9-b04df6fa00e9_37feb32a-6ad7-44d3-b881-904d02822f1a",
               "value": "b%3A1"
            }],
            "title": "Resource Pools",
            "type": "View"
         },
         {
            "collapsed": false,
            "config": {
               "chartViewItems": [],
               "isUpdatedView": true,
               "refreshContent": {"refreshContent": false},
               "refreshInterval": 300,
               "resource": null,
               "selectFirstRow": {"selectFirstRow": false},
               "selfProvider": {"selfProvider": false},
               "title": "vDS Port Groups",
               "traversalSpecId": "",
               "viewDefinitionId": "bed60566-b7c4-4220-8b11-7b4e3d991254"
            },
            "gridsterCoords": {
               "h": 6,
               "w": 12,
               "x": 1,
               "y": 86
            },
            "height": 324,
            "id": "f7443337-b4d0-4497-92fd-1dfd9f4c5744",
            "states": [
               {
                  "key": "permSelectedDate_widget_e5587cdd-eadf-41a4-b7a9-b04df6fa00e9_f7443337-b4d0-4497-92fd-1dfd9f4c5744",
                  "value": "s%3A%7B%22minType%22%3A%22.TimeIntervalControl%22%2C%22advancedTimeMode%22%3Afalse%2C%22fromTime%22%3Anull%2C%22unit%22%3A%22DAYS%22%2C%22count%22%3A7%2C%22priorUnit%22%3Anull%2C%22priorCount%22%3Anull%2C%22startSubUnit%22%3Anull%2C%22startPeriod%22%3Anull%2C%22toTime%22%3Anull%2C%22endUnit%22%3Anull%2C%22endCount%22%3Anull%2C%22endSubUnit%22%3Anull%2C%22endPeriod%22%3Anull%7D"
               },
               {
                  "key": "perm_toolbarVisible_widget_e5587cdd-eadf-41a4-b7a9-b04df6fa00e9_f7443337-b4d0-4497-92fd-1dfd9f4c5744",
                  "value": "b%3A1"
               }
            ],
            "title": "vDS Port Groups",
            "type": "View"
         },
         {
            "collapsed": false,
            "config": {
               "chartViewItems": [],
               "isUpdatedView": true,
               "refreshContent": {"refreshContent": false},
               "refreshInterval": 300,
               "resource": null,
               "selectFirstRow": {"selectFirstRow": false},
               "selfProvider": {"selfProvider": false},
               "title": "Datastore Clusters",
               "traversalSpecId": "",
               "viewDefinitionId": "514964f5-1c47-4370-899c-52c9a21bbee7"
            },
            "gridsterCoords": {
               "h": 6,
               "w": 12,
               "x": 1,
               "y": 105
            },
            "height": 324,
            "id": "9661b44e-f996-4bdd-b41e-4b04e0f4c405",
            "states": [{
               "key": "perm_toolbarVisible_widget_e5587cdd-eadf-41a4-b7a9-b04df6fa00e9_9661b44e-f996-4bdd-b41e-4b04e0f4c405",
               "value": "b%3A1"
            }],
            "title": "Datastore Clusters",
            "type": "View"
         },
         {
            "collapsed": false,
            "config": {
               "chartViewItems": [],
               "isUpdatedView": true,
               "refreshContent": {"refreshContent": false},
               "refreshInterval": 300,
               "resource": {
                  "id": "Ext.vcops.chrome.model.Resource-3",
                  "resourceId": "resource:id:0_::_",
                  "resourceKindId": "002006VMWAREvSphere World",
                  "resourceName": "vSphere World",
                  "traversalSpecId": ""
               },
               "selectFirstRow": {"selectFirstRow": false},
               "selfProvider": {"selfProvider": true},
               "title": "*",
               "traversalSpecId": null,
               "viewDefinitionId": "453b4daf-4dd7-40e6-9163-001ff613024a"
            },
            "gridsterCoords": {
               "h": 2,
               "w": 12,
               "x": 1,
               "y": 45
            },
            "height": 96,
            "id": "c1fec832-2dda-4fbc-bccd-756668022601",
            "title": "*",
            "type": "View"
         }
      ]
   }],
   "entries": {
      "resource": [{
         "adapterKindKey": "VMWARE",
         "identifiers": [],
         "internalId": "resource:id:0_::_",
         "name": "vSphere World",
         "resourceKindKey": "vSphere World"
      }],
      "resourceKind": [
         {
            "adapterKindKey": "VMWARE",
            "internalId": "resourceKind:id:1_::_",
            "resourceKindKey": "VMwareAdapter Instance"
         },
         {
            "adapterKindKey": "VMWARE",
            "internalId": "resourceKind:id:0_::_",
            "resourceKindKey": "VirtualMachine"
         },
         {
            "adapterKindKey": "VMWARE",
            "internalId": "resourceKind:id:2_::_",
            "resourceKindKey": "ClusterComputeResource"
         },
         {
            "adapterKindKey": "VMWARE",
            "internalId": "resourceKind:id:4_::_",
            "resourceKindKey": "vSphere World"
         },
         {
            "adapterKindKey": "VMWARE",
            "internalId": "resourceKind:id:3_::_",
            "resourceKindKey": "Datastore"
         }
      ]
   },
   "uuid": "cdfacf68-d8a6-4d9b-b500-51b1334d0d87"
}