<?xml version="1.0" encoding="UTF-8" standalone="yes"?>
<Content>
    <Views>
        <ViewDef id="5cfd0591-9ff1-469d-9fa7-cd6b42cf2102">
            <Title>VMignite.com - Datastore Stats</Title>
            <Description/>
            <SubjectType adapterKind="VMWARE" resourceKind="Datastore" type="descendant"/>
            <SubjectType adapterKind="VMWARE" resourceKind="Datastore" type="self"/>
            <Usage>dashboard</Usage>
            <Usage>report</Usage>
            <Usage>details</Usage>
            <Usage>content</Usage>
            <Controls>
                <Control id="time-interval-selector_id_67" type="time-interval-selector" visible="false">
                    <Property name="advancedTimeMode" value="false"/>
                    <Property name="unit" value="DAYS"/>
                    <Property name="count" value="7"/>
                </Control>
                <Control id="attributes-selector_id_68" type="attributes-selector" visible="false">
                    <Property name="attributeInfos">
                        <List>
                            <Item>
<Value>
    <Property name="objectType" value="RESOURCE"/>
    <Property name="attributeKey" value="System Attributes|alert_count_critical"/>
    <Property name="id" value="extModel16654-1"/>
    <Property name="isStringAttribute" value="false"/>
    <Property name="adapterKind" value="VMWARE"/>
    <Property name="resourceKind" value="Datastore"/>
    <Property name="rollUpType" value="NONE"/>
    <Property name="rollUpCount" value="0"/>
    <Property name="transformations">
        <List>
            <Item value="CURRENT"/>
        </List>
    </Property>
    <Property name="sortCriteria" value="false"/>
    <Property name="isProperty" value="false"/>
    <Property name="yellowBound" value=".1"/>
    <Property name="orangeBound" value=".2"/>
    <Property name="redBound" value="1"/>
    <Property name="ascendingRange" value="false"/>
    <Property name="displayName" value="Critical Alerts"/>
</Value>
                            </Item>
                            <Item>
<Value>
    <Property name="objectType" value="RESOURCE"/>
    <Property name="attributeKey" value="datastore|totalReadLatency_average"/>
    <Property name="id" value="extModel16654-2"/>
    <Property name="preferredUnitId" value="msec"/>
    <Property name="isStringAttribute" value="false"/>
    <Property name="adapterKind" value="VMWARE"/>
    <Property name="resourceKind" value="Datastore"/>
    <Property name="rollUpType" value="NONE"/>
    <Property name="rollUpCount" value="0"/>
    <Property name="transformations">
        <List>
            <Item value="CURRENT"/>
        </List>
    </Property>
    <Property name="isProperty" value="false"/>
    <Property name="yellowBound" value="10"/>
    <Property name="orangeBound" value="12"/>
    <Property name="redBound" value="15"/>
    <Property name="ascendingRange" value="false"/>
    <Property name="displayName" value="Read Latency"/>
</Value>
                            </Item>
                            <Item>
<Value>
    <Property name="objectType" value="RESOURCE"/>
    <Property name="attributeKey" value="datastore|totalWriteLatency_average"/>
    <Property name="id" value="extModel16654-3"/>
    <Property name="preferredUnitId" value="msec"/>
    <Property name="isStringAttribute" value="false"/>
    <Property name="adapterKind" value="VMWARE"/>
    <Property name="resourceKind" value="Datastore"/>
    <Property name="rollUpType" value="NONE"/>
    <Property name="rollUpCount" value="0"/>
    <Property name="transformations">
        <List>
            <Item value="CURRENT"/>
        </List>
    </Property>
    <Property name="isProperty" value="false"/>
    <Property name="yellowBound" value="10"/>
    <Property name="orangeBound" value="12"/>
    <Property name="redBound" value="15"/>
    <Property name="ascendingRange" value="false"/>
    <Property name="displayName" value="Write Latency"/>
</Value>
                            </Item>
                            <Item>
<Value>
    <Property name="objectType" value="RESOURCE"/>
    <Property name="attributeKey" value="devices:Aggregate of all instances|commandsAveraged_average"/>
    <Property name="isStringAttribute" value="false"/>
    <Property name="adapterKind" value="VMWARE"/>
    <Property name="resourceKind" value="Datastore"/>
    <Property name="rollUpType" value="NONE"/>
    <Property name="rollUpCount" value="0"/>
    <Property name="transformations">
        <List>
            <Item value="CURRENT"/>
        </List>
    </Property>
    <Property name="isProperty" value="false"/>
    <Property name="yellowBound" value="6000"/>
    <Property name="orangeBound" value="8000"/>
    <Property name="redBound" value="10000"/>
    <Property name="ascendingRange" value="false"/>
    <Property name="displayName" value="IOPS"/>
</Value>
                            </Item>
                            <Item>
<Value>
    <Property name="objectType" value="RESOURCE"/>
    <Property name="attributeKey" value="capacity|usedSpacePct"/>
    <Property name="id" value="extModel12253-4"/>
    <Property name="preferredUnitId" value="percent"/>
    <Property name="isStringAttribute" value="false"/>
    <Property name="adapterKind" value="VMWARE"/>
    <Property name="resourceKind" value="Datastore"/>
    <Property name="rollUpType" value="NONE"/>
    <Property name="rollUpCount" value="0"/>
    <Property name="transformations">
        <List>
            <Item value="LAST"/>
        </List>
    </Property>
    <Property name="sortCriteria" value="false"/>
    <Property name="isProperty" value="false"/>
    <Property name="yellowBound" value="85"/>
    <Property name="orangeBound" value="90"/>
    <Property name="redBound" value="95"/>
    <Property name="ascendingRange" value="false"/>
    <Property name="displayName" value="Used Space %"/>
</Value>
                            </Item>
                            <Item>
<Value>
    <Property name="objectType" value="RESOURCE"/>
    <Property name="attributeKey" value="capacity|used_space"/>
    <Property name="id" value="extModel16654-4"/>
    <Property name="preferredUnitId" value="tb"/>
    <Property name="isStringAttribute" value="false"/>
    <Property name="adapterKind" value="VMWARE"/>
    <Property name="resourceKind" value="Datastore"/>
    <Property name="rollUpType" value="NONE"/>
    <Property name="rollUpCount" value="0"/>
    <Property name="transformations">
        <List>
            <Item value="CURRENT"/>
        </List>
    </Property>
    <Property name="isProperty" value="false"/>
    <Property name="displayName" value="Used Space"/>
</Value>
                            </Item>
                            <Item>
<Value>
    <Property name="objectType" value="RESOURCE"/>
    <Property name="attributeKey" value="capacity|available_space"/>
    <Property name="id" value="extModel12253-3"/>
    <Property name="preferredUnitId" value="tb"/>
    <Property name="isStringAttribute" value="false"/>
    <Property name="adapterKind" value="VMWARE"/>
    <Property name="resourceKind" value="Datastore"/>
    <Property name="rollUpType" value="NONE"/>
    <Property name="rollUpCount" value="0"/>
    <Property name="transformations">
        <List>
            <Item value="LAST"/>
        </List>
    </Property>
    <Property name="isProperty" value="false"/>
    <Property name="displayName" value="Available Capacity"/>
</Value>
                            </Item>
                            <Item>
<Value>
    <Property name="objectType" value="RESOURCE"/>
    <Property name="attributeKey" value="capacity|total_capacity"/>
    <Property name="id" value="extModel12253-1"/>
    <Property name="preferredUnitId" value="tb"/>
    <Property name="isStringAttribute" value="false"/>
    <Property name="adapterKind" value="VMWARE"/>
    <Property name="resourceKind" value="Datastore"/>
    <Property name="rollUpType" value="NONE"/>
    <Property name="rollUpCount" value="0"/>
    <Property name="transformations">
        <List>
            <Item value="LAST"/>
        </List>
    </Property>
    <Property name="isProperty" value="false"/>
    <Property name="displayName" value="Total Capacity"/>
</Value>
                            </Item>
                            <Item>
<Value>
    <Property name="objectType" value="RESOURCE"/>
    <Property name="attributeKey" value="capacity|consumer_provisioned"/>
    <Property name="id" value="extModel16654-5"/>
    <Property name="preferredUnitId" value="auto"/>
    <Property name="isStringAttribute" value="false"/>
    <Property name="adapterKind" value="VMWARE"/>
    <Property name="resourceKind" value="Datastore"/>
    <Property name="rollUpType" value="NONE"/>
    <Property name="rollUpCount" value="0"/>
    <Property name="transformations">
        <List>
            <Item value="CURRENT"/>
        </List>
    </Property>
    <Property name="isProperty" value="false"/>
    <Property name="displayName" value="VM Provisioned Space"/>
</Value>
                            </Item>
                            <Item>
<Value>
    <Property name="objectType" value="RESOURCE"/>
    <Property name="attributeKey" value="summary|total_number_vms"/>
    <Property name="id" value="extModel12253-9"/>
    <Property name="isStringAttribute" value="false"/>
    <Property name="adapterKind" value="VMWARE"/>
    <Property name="resourceKind" value="Datastore"/>
    <Property name="rollUpType" value="NONE"/>
    <Property name="rollUpCount" value="0"/>
    <Property name="transformations">
        <List>
            <Item value="LAST"/>
        </List>
    </Property>
    <Property name="sortCriteria" value="false"/>
    <Property name="isProperty" value="false"/>
    <Property name="displayName" value="Total VMs"/>
</Value>
                            </Item>
                            <Item>
<Value>
    <Property name="objectType" value="RESOURCE"/>
    <Property name="attributeKey" value="summary|total_number_hosts"/>
    <Property name="id" value="extModel12253-10"/>
    <Property name="isStringAttribute" value="false"/>
    <Property name="adapterKind" value="VMWARE"/>
    <Property name="resourceKind" value="Datastore"/>
    <Property name="rollUpType" value="NONE"/>
    <Property name="rollUpCount" value="0"/>
    <Property name="transformations">
        <List>
            <Item value="LAST"/>
        </List>
    </Property>
    <Property name="isProperty" value="false"/>
    <Property name="displayName" value="Total Host"/>
</Value>
                            </Item>
                            <Item>
<Value>
    <Property name="objectType" value="RESOURCE"/>
    <Property name="attributeKey" value="summary|total_number_clusters"/>
    <Property name="isStringAttribute" value="false"/>
    <Property name="adapterKind" value="VMWARE"/>
    <Property name="resourceKind" value="Datastore"/>
    <Property name="rollUpType" value="NONE"/>
    <Property name="rollUpCount" value="0"/>
    <Property name="transformations">
        <List>
            <Item value="CURRENT"/>
        </List>
    </Property>
    <Property name="isProperty" value="false"/>
    <Property name="displayName" value="# of Cluster Presented to"/>
</Value>
                            </Item>
                            <Item>
<Value>
    <Property name="objectType" value="RESOURCE"/>
    <Property name="attributeKey" value="summary|type"/>
    <Property name="id" value="extModel16654-6"/>
    <Property name="isStringAttribute" value="true"/>
    <Property name="adapterKind" value="VMWARE"/>
    <Property name="resourceKind" value="Datastore"/>
    <Property name="rollUpCount" value="0"/>
    <Property name="transformations">
        <List>
            <Item value="CURRENT"/>
        </List>
    </Property>
    <Property name="isProperty" value="true"/>
    <Property name="displayName" value="Type"/>
</Value>
                            </Item>
                            <Item>
<Value>
    <Property name="objectType" value="RESOURCE"/>
    <Property name="attributeKey" value="summary|isLocal"/>
    <Property name="isStringAttribute" value="true"/>
    <Property name="adapterKind" value="VMWARE"/>
    <Property name="resourceKind" value="Datastore"/>
    <Property name="rollUpCount" value="0"/>
    <Property name="transformations">
        <List>
            <Item value="CURRENT"/>
        </List>
    </Property>
    <Property name="isProperty" value="true"/>
    <Property name="displayName" value="Local Disk?"/>
</Value>
                            </Item>
                        </List>
                    </Property>
                    <Property name="summaryInfos">
                        <List>
                            <Item>
<Value>
    <Property name="displayName" value="Total"/>
    <Property name="aggregation" value="SUM"/>
    <Property name="attributeIndexes">
        <List>
            <Item value="0"/>
            <Item value="3"/>
            <Item value="5"/>
            <Item value="6"/>
            <Item value="7"/>
            <Item value="8"/>
            <Item value="9"/>
            <Item value="10"/>
            <Item value="11"/>
            <Item value="13"/>
        </List>
    </Property>
</Value>
                            </Item>
                            <Item>
<Value>
    <Property name="displayName" value="Average"/>
    <Property name="aggregation" value="AVG"/>
    <Property name="attributeIndexes">
        <List>
            <Item value="0"/>
            <Item value="1"/>
            <Item value="2"/>
            <Item value="3"/>
            <Item value="4"/>
            <Item value="5"/>
            <Item value="6"/>
            <Item value="7"/>
            <Item value="8"/>
            <Item value="9"/>
            <Item value="10"/>
            <Item value="11"/>
            <Item value="13"/>
        </List>
    </Property>
</Value>
                            </Item>
                        </List>
                    </Property>
                </Control>
                <Control id="pagination-control_id_69" type="pagination-control" visible="true">
                    <Property name="start" value="0"/>
                    <Property name="size" value="1000"/>
                </Control>
                <Control id="metadata_id_70" type="metadata" visible="false">
                    <Property name="maxPointsCount" value="5000"/>
                    <Property name="distributionColor" value="6870C4"/>
                    <Property name="hideObjectNameColumn" value="false"/>
                    <Property name="listTopResultSize" value="-1"/>
                </Control>
            </Controls>
            <DataProviders>
                <DataProvider dataType="list-view" id="list-view_id_66"/>
            </DataProviders>
            <Presentation type="list"/>
        </ViewDef>
        <ViewDef id="bf86512f-246d-4c0d-8870-77fca53a69e1">
            <Title>VMignite.com - vCenter Stats</Title>
            <Description>List of all the vCenter Server(s) in your environment.</Description>
            <SubjectType adapterKind="VMWARE" resourceKind="VMwareAdapter Instance" type="descendant"/>
            <SubjectType adapterKind="VMWARE" resourceKind="VMwareAdapter Instance" type="self"/>
            <Usage>dashboard</Usage>
            <Usage>report</Usage>
            <Usage>details</Usage>
            <Usage>content</Usage>
            <Controls>
                <Control id="time-interval-selector_id_37" type="time-interval-selector" visible="false">
                    <Property name="advancedTimeMode" value="false"/>
                    <Property name="unit" value="DAYS"/>
                    <Property name="count" value="7"/>
                </Control>
                <Control id="attributes-selector_id_38" type="attributes-selector" visible="false">
                    <Property name="attributeInfos">
                        <List>
                            <Item>
<Value>
    <Property name="objectType" value="RESOURCE"/>
    <Property name="attributeKey" value="cpu|capacity_usagepct_average"/>
    <Property name="id" value="extModel8881-1"/>
    <Property name="preferredUnitId" value="percent"/>
    <Property name="isStringAttribute" value="false"/>
    <Property name="adapterKind" value="VMWARE"/>
    <Property name="resourceKind" value="VMwareAdapter Instance"/>
    <Property name="rollUpType" value="NONE"/>
    <Property name="rollUpCount" value="0"/>
    <Property name="transformations">
        <List>
            <Item value="CURRENT"/>
        </List>
    </Property>
    <Property name="isProperty" value="false"/>
    <Property name="yellowBound" value="80"/>
    <Property name="orangeBound" value="85"/>
    <Property name="redBound" value="90"/>
    <Property name="ascendingRange" value="false"/>
    <Property name="displayName" value="CPU Used %"/>
</Value>
                            </Item>
                            <Item>
<Value>
    <Property name="objectType" value="RESOURCE"/>
    <Property name="attributeKey" value="mem|host_usagePct"/>
    <Property name="id" value="extModel8881-3"/>
    <Property name="preferredUnitId" value="percent"/>
    <Property name="isStringAttribute" value="false"/>
    <Property name="adapterKind" value="VMWARE"/>
    <Property name="resourceKind" value="VMwareAdapter Instance"/>
    <Property name="rollUpType" value="NONE"/>
    <Property name="rollUpCount" value="0"/>
    <Property name="transformations">
        <List>
            <Item value="CURRENT"/>
        </List>
    </Property>
    <Property name="isProperty" value="false"/>
    <Property name="yellowBound" value="80"/>
    <Property name="orangeBound" value="85"/>
    <Property name="redBound" value="90"/>
    <Property name="ascendingRange" value="false"/>
    <Property name="displayName" value="Memory Used %"/>
</Value>
                            </Item>
                            <Item>
<Value>
    <Property name="objectType" value="RESOURCE"/>
    <Property name="attributeKey" value="summary|version"/>
    <Property name="id" value="extModel25774-1"/>
    <Property name="isStringAttribute" value="true"/>
    <Property name="adapterKind" value="VMWARE"/>
    <Property name="resourceKind" value="VMwareAdapter Instance"/>
    <Property name="rollUpType" value="NONE"/>
    <Property name="rollUpCount" value="0"/>
    <Property name="transformations">
        <List>
            <Item value="CURRENT"/>
        </List>
    </Property>
    <Property name="isProperty" value="true"/>
    <Property name="displayName" value="vCenter Version"/>
</Value>
                            </Item>
                            <Item>
<Value>
    <Property name="objectType" value="RESOURCE"/>
    <Property name="attributeKey" value="summary|total_number_datacenters"/>
    <Property name="id" value="extModel25774-2"/>
    <Property name="isStringAttribute" value="false"/>
    <Property name="adapterKind" value="VMWARE"/>
    <Property name="resourceKind" value="VMwareAdapter Instance"/>
    <Property name="rollUpType" value="NONE"/>
    <Property name="rollUpCount" value="0"/>
    <Property name="transformations">
        <List>
            <Item value="CURRENT"/>
        </List>
    </Property>
    <Property name="isProperty" value="false"/>
    <Property name="displayName" value="Datacenters"/>
</Value>
                            </Item>
                            <Item>
<Value>
    <Property name="objectType" value="RESOURCE"/>
    <Property name="attributeKey" value="summary|total_number_clusters"/>
    <Property name="id" value="extModel25774-3"/>
    <Property name="isStringAttribute" value="false"/>
    <Property name="adapterKind" value="VMWARE"/>
    <Property name="resourceKind" value="VMwareAdapter Instance"/>
    <Property name="rollUpType" value="NONE"/>
    <Property name="rollUpCount" value="0"/>
    <Property name="transformations">
        <List>
            <Item value="CURRENT"/>
        </List>
    </Property>
    <Property name="isProperty" value="false"/>
    <Property name="displayName" value="Clusters"/>
</Value>
                            </Item>
                            <Item>
<Value>
    <Property name="objectType" value="RESOURCE"/>
    <Property name="attributeKey" value="summary|total_number_hosts"/>
    <Property name="id" value="extModel25774-4"/>
    <Property name="isStringAttribute" value="false"/>
    <Property name="adapterKind" value="VMWARE"/>
    <Property name="resourceKind" value="VMwareAdapter Instance"/>
    <Property name="rollUpType" value="NONE"/>
    <Property name="rollUpCount" value="0"/>
    <Property name="transformations">
        <List>
            <Item value="CURRENT"/>
        </List>
    </Property>
    <Property name="isProperty" value="false"/>
    <Property name="displayName" value="Hosts"/>
</Value>
                            </Item>
                            <Item>
<Value>
    <Property name="objectType" value="RESOURCE"/>
    <Property name="attributeKey" value="summary|number_running_hosts"/>
    <Property name="id" value="extModel25774-5"/>
    <Property name="isStringAttribute" value="false"/>
    <Property name="adapterKind" value="VMWARE"/>
    <Property name="resourceKind" value="VMwareAdapter Instance"/>
    <Property name="rollUpType" value="NONE"/>
    <Property name="rollUpCount" value="0"/>
    <Property name="transformations">
        <List>
            <Item value="CURRENT"/>
        </List>
    </Property>
    <Property name="isProperty" value="false"/>
    <Property name="displayName" value="Running Hosts"/>
</Value>
                            </Item>
                            <Item>
<Value>
    <Property name="objectType" value="RESOURCE"/>
    <Property name="attributeKey" value="summary|total_number_vms"/>
    <Property name="id" value="extModel25774-6"/>
    <Property name="isStringAttribute" value="false"/>
    <Property name="adapterKind" value="VMWARE"/>
    <Property name="resourceKind" value="VMwareAdapter Instance"/>
    <Property name="rollUpType" value="NONE"/>
    <Property name="rollUpCount" value="0"/>
    <Property name="transformations">
        <List>
            <Item value="CURRENT"/>
        </List>
    </Property>
    <Property name="sortCriteria" value="false"/>
    <Property name="isProperty" value="false"/>
    <Property name="displayName" value="VMs"/>
</Value>
                            </Item>
                            <Item>
<Value>
    <Property name="objectType" value="RESOURCE"/>
    <Property name="attributeKey" value="summary|number_running_vms"/>
    <Property name="id" value="extModel25774-7"/>
    <Property name="preferredUnitId" value="7002"/>
    <Property name="isStringAttribute" value="false"/>
    <Property name="adapterKind" value="VMWARE"/>
    <Property name="resourceKind" value="VMwareAdapter Instance"/>
    <Property name="rollUpType" value="NONE"/>
    <Property name="rollUpCount" value="0"/>
    <Property name="transformations">
        <List>
            <Item value="CURRENT"/>
        </List>
    </Property>
    <Property name="isProperty" value="false"/>
    <Property name="displayName" value="Running VMs"/>
</Value>
                            </Item>
                            <Item>
<Value>
    <Property name="objectType" value="RESOURCE"/>
    <Property name="attributeKey" value="summary|number_poweredOff_vms"/>
    <Property name="id" value="extModel25774-8"/>
    <Property name="isStringAttribute" value="false"/>
    <Property name="adapterKind" value="VMWARE"/>
    <Property name="resourceKind" value="VMwareAdapter Instance"/>
    <Property name="rollUpType" value="NONE"/>
    <Property name="rollUpCount" value="0"/>
    <Property name="transformations">
        <List>
            <Item value="CURRENT"/>
        </List>
    </Property>
    <Property name="isProperty" value="false"/>
    <Property name="displayName" value="Powered Off VMs"/>
</Value>
                            </Item>
                            <Item>
<Value>
    <Property name="objectType" value="RESOURCE"/>
    <Property name="attributeKey" value="summary|total_number_datastores"/>
    <Property name="id" value="extModel25774-9"/>
    <Property name="isStringAttribute" value="false"/>
    <Property name="adapterKind" value="VMWARE"/>
    <Property name="resourceKind" value="VMwareAdapter Instance"/>
    <Property name="rollUpType" value="NONE"/>
    <Property name="rollUpCount" value="0"/>
    <Property name="transformations">
        <List>
            <Item value="CURRENT"/>
        </List>
    </Property>
    <Property name="isProperty" value="false"/>
    <Property name="displayName" value="Datastores"/>
</Value>
                            </Item>
                            <Item>
<Value>
    <Property name="objectType" value="RESOURCE"/>
    <Property name="attributeKey" value="summary|avg_vm_density"/>
    <Property name="id" value="extModel25774-10"/>
    <Property name="isStringAttribute" value="false"/>
    <Property name="adapterKind" value="VMWARE"/>
    <Property name="resourceKind" value="VMwareAdapter Instance"/>
    <Property name="rollUpType" value="NONE"/>
    <Property name="rollUpCount" value="0"/>
    <Property name="transformations">
        <List>
            <Item value="CURRENT"/>
        </List>
    </Property>
    <Property name="isProperty" value="false"/>
    <Property name="displayName" value="VM to Host Ratio"/>
</Value>
                            </Item>
                            <Item>
<Value>
    <Property name="objectType" value="RESOURCE"/>
    <Property name="attributeKey" value="cpu|corecount_provisioned"/>
    <Property name="id" value="extModel8881-2"/>
    <Property name="preferredUnitId" value="7001"/>
    <Property name="isStringAttribute" value="false"/>
    <Property name="adapterKind" value="VMWARE"/>
    <Property name="resourceKind" value="VMwareAdapter Instance"/>
    <Property name="rollUpType" value="NONE"/>
    <Property name="rollUpCount" value="0"/>
    <Property name="transformations">
        <List>
            <Item value="CURRENT"/>
        </List>
    </Property>
    <Property name="isProperty" value="false"/>
    <Property name="displayName" value="Physcial Cores"/>
</Value>
                            </Item>
                            <Item>
<Value>
    <Property name="objectType" value="RESOURCE"/>
    <Property name="attributeKey" value="mem|host_provisioned"/>
    <Property name="id" value="extModel8881-4"/>
    <Property name="preferredUnitId" value="tb"/>
    <Property name="isStringAttribute" value="false"/>
    <Property name="adapterKind" value="VMWARE"/>
    <Property name="resourceKind" value="VMwareAdapter Instance"/>
    <Property name="rollUpType" value="NONE"/>
    <Property name="rollUpCount" value="0"/>
    <Property name="transformations">
        <List>
            <Item value="CURRENT"/>
        </List>
    </Property>
    <Property name="isProperty" value="false"/>
    <Property name="displayName" value="Total Memory"/>
</Value>
                            </Item>
                            <Item>
<Value>
    <Property name="objectType" value="RESOURCE"/>
    <Property name="attributeKey" value="diskspace|total_capacity"/>
    <Property name="preferredUnitId" value="tb"/>
    <Property name="isStringAttribute" value="false"/>
    <Property name="adapterKind" value="VMWARE"/>
    <Property name="resourceKind" value="VMwareAdapter Instance"/>
    <Property name="rollUpType" value="NONE"/>
    <Property name="rollUpCount" value="0"/>
    <Property name="transformations">
        <List>
            <Item value="CURRENT"/>
        </List>
    </Property>
    <Property name="isProperty" value="false"/>
    <Property name="displayName" value="Total Disk"/>
</Value>
                            </Item>
                        </List>
                    </Property>
                    <Property name="summaryInfos">
                        <List>
                            <Item>
<Value>
    <Property name="displayName" value="Total"/>
    <Property name="aggregation" value="SUM"/>
    <Property name="attributeIndexes">
        <List>
            <Item value="0"/>
            <Item value="1"/>
            <Item value="3"/>
            <Item value="4"/>
            <Item value="5"/>
            <Item value="6"/>
            <Item value="7"/>
            <Item value="8"/>
            <Item value="9"/>
            <Item value="10"/>
            <Item value="12"/>
            <Item value="13"/>
            <Item value="14"/>
        </List>
    </Property>
</Value>
                            </Item>
                            <Item>
<Value>
    <Property name="displayName" value="Average"/>
    <Property name="aggregation" value="AVG"/>
    <Property name="attributeIndexes">
        <List>
            <Item value="0"/>
            <Item value="1"/>
            <Item value="3"/>
            <Item value="4"/>
            <Item value="5"/>
            <Item value="6"/>
            <Item value="7"/>
            <Item value="8"/>
            <Item value="9"/>
            <Item value="10"/>
            <Item value="11"/>
            <Item value="12"/>
            <Item value="13"/>
            <Item value="14"/>
        </List>
    </Property>
</Value>
                            </Item>
                        </List>
                    </Property>
                </Control>
                <Control id="pagination-control_id_39" type="pagination-control" visible="true">
                    <Property name="start" value="0"/>
                    <Property name="size" value="50"/>
                </Control>
                <Control id="metadata_id_40" type="metadata" visible="false">
                    <Property name="maxPointsCount" value="5000"/>
                    <Property name="distributionColor" value="6870C4"/>
                    <Property name="hideObjectNameColumn" value="false"/>
                    <Property name="listTopResultSize" value="-1"/>
                </Control>
            </Controls>
            <DataProviders>
                <DataProvider dataType="list-view" id="list-view_id_36"/>
            </DataProviders>
            <Presentation type="list"/>
        </ViewDef>
        <ViewDef id="dc29f9f6-086f-402c-81e0-3dd0fa906396">
            <Title>VMignite.com - Host Stats</Title>
            <Description>List of Hosts with their properties.</Description>
            <SubjectType adapterKind="VMWARE" resourceKind="HostSystem" type="descendant"/>
            <SubjectType adapterKind="VMWARE" resourceKind="HostSystem" type="self"/>
            <Usage>dashboard</Usage>
            <Usage>report</Usage>
            <Usage>details</Usage>
            <Usage>content</Usage>
            <Controls>
                <Control id="time-interval-selector_id_87" type="time-interval-selector" visible="false">
                    <Property name="advancedTimeMode" value="false"/>
                    <Property name="unit" value="DAYS"/>
                    <Property name="count" value="7"/>
                </Control>
                <Control id="attributes-selector_id_88" type="attributes-selector" visible="false">
                    <Property name="attributeInfos">
                        <List>
                            <Item>
<Value>
    <Property name="objectType" value="RESOURCE"/>
    <Property name="attributeKey" value="System Attributes|alert_count_critical"/>
    <Property name="id" value="extModel12606-1"/>
    <Property name="isStringAttribute" value="false"/>
    <Property name="adapterKind" value="VMWARE"/>
    <Property name="resourceKind" value="HostSystem"/>
    <Property name="rollUpType" value="NONE"/>
    <Property name="rollUpCount" value="0"/>
    <Property name="transformations">
        <List>
            <Item value="CURRENT"/>
        </List>
    </Property>
    <Property name="sortCriteria" value="false"/>
    <Property name="isProperty" value="false"/>
    <Property name="yellowBound" value=".1"/>
    <Property name="orangeBound" value=".5"/>
    <Property name="redBound" value="1"/>
    <Property name="ascendingRange" value="false"/>
    <Property name="displayName" value="Critical Alerts"/>
</Value>
                            </Item>
                            <Item>
<Value>
    <Property name="objectType" value="RESOURCE"/>
    <Property name="attributeKey" value="cpu|usage_average"/>
    <Property name="id" value="extModel12606-2"/>
    <Property name="preferredUnitId" value="percent"/>
    <Property name="isStringAttribute" value="false"/>
    <Property name="adapterKind" value="VMWARE"/>
    <Property name="resourceKind" value="HostSystem"/>
    <Property name="rollUpType" value="NONE"/>
    <Property name="rollUpCount" value="0"/>
    <Property name="transformations">
        <List>
            <Item value="CURRENT"/>
        </List>
    </Property>
    <Property name="isProperty" value="false"/>
    <Property name="yellowBound" value="80"/>
    <Property name="orangeBound" value="85"/>
    <Property name="redBound" value="90"/>
    <Property name="ascendingRange" value="false"/>
    <Property name="displayName" value="CPU %"/>
</Value>
                            </Item>
                            <Item>
<Value>
    <Property name="objectType" value="RESOURCE"/>
    <Property name="attributeKey" value="mem|usage_average"/>
    <Property name="id" value="extModel12606-3"/>
    <Property name="preferredUnitId" value="percent"/>
    <Property name="isStringAttribute" value="false"/>
    <Property name="adapterKind" value="VMWARE"/>
    <Property name="resourceKind" value="HostSystem"/>
    <Property name="rollUpType" value="NONE"/>
    <Property name="rollUpCount" value="0"/>
    <Property name="transformations">
        <List>
            <Item value="CURRENT"/>
        </List>
    </Property>
    <Property name="sortCriteria" value="false"/>
    <Property name="isProperty" value="false"/>
    <Property name="yellowBound" value="80"/>
    <Property name="orangeBound" value="85"/>
    <Property name="redBound" value="90"/>
    <Property name="ascendingRange" value="false"/>
    <Property name="displayName" value="MEM %"/>
</Value>
                            </Item>
                            <Item>
<Value>
    <Property name="objectType" value="RESOURCE"/>
    <Property name="attributeKey" value="cpu|capacity_contentionPct"/>
    <Property name="id" value="extModel12606-4"/>
    <Property name="preferredUnitId" value="percent"/>
    <Property name="isStringAttribute" value="false"/>
    <Property name="adapterKind" value="VMWARE"/>
    <Property name="resourceKind" value="HostSystem"/>
    <Property name="rollUpType" value="NONE"/>
    <Property name="rollUpCount" value="0"/>
    <Property name="transformations">
        <List>
            <Item value="CURRENT"/>
        </List>
    </Property>
    <Property name="isProperty" value="false"/>
    <Property name="yellowBound" value="9"/>
    <Property name="orangeBound" value="10"/>
    <Property name="redBound" value="12"/>
    <Property name="ascendingRange" value="false"/>
    <Property name="displayName" value="CPU Contention"/>
</Value>
                            </Item>
                            <Item>
<Value>
    <Property name="objectType" value="RESOURCE"/>
    <Property name="attributeKey" value="runtime|haActive"/>
    <Property name="id" value="extModel12606-5"/>
    <Property name="isStringAttribute" value="false"/>
    <Property name="adapterKind" value="VMWARE"/>
    <Property name="resourceKind" value="HostSystem"/>
    <Property name="rollUpType" value="NONE"/>
    <Property name="rollUpCount" value="0"/>
    <Property name="transformations">
        <List>
            <Item value="CURRENT"/>
        </List>
    </Property>
    <Property name="isProperty" value="false"/>
    <Property name="yellowBound" value="0"/>
    <Property name="orangeBound" value="0"/>
    <Property name="redBound" value="0"/>
    <Property name="ascendingRange" value="true"/>
    <Property name="displayName" value="HA Active?"/>
</Value>
                            </Item>
                            <Item>
<Value>
    <Property name="objectType" value="RESOURCE"/>
    <Property name="attributeKey" value="hardware|powerManagementPolicy"/>
    <Property name="id" value="extModel12606-6"/>
    <Property name="isStringAttribute" value="true"/>
    <Property name="adapterKind" value="VMWARE"/>
    <Property name="resourceKind" value="HostSystem"/>
    <Property name="rollUpCount" value="0"/>
    <Property name="transformations">
        <List>
            <Item value="CURRENT"/>
        </List>
    </Property>
    <Property name="isProperty" value="true"/>
    <Property name="yellowBound" value="Balanced"/>
    <Property name="orangeBound" value="Balanced"/>
    <Property name="redBound" value="Balanced"/>
    <Property name="ascendingRange" value="true"/>
    <Property name="displayName" value="Power Settings"/>
</Value>
                            </Item>
                            <Item>
<Value>
    <Property name="objectType" value="RESOURCE"/>
    <Property name="attributeKey" value="runtime|maintenanceState"/>
    <Property name="id" value="extModel12606-7"/>
    <Property name="isStringAttribute" value="true"/>
    <Property name="adapterKind" value="VMWARE"/>
    <Property name="resourceKind" value="HostSystem"/>
    <Property name="rollUpCount" value="0"/>
    <Property name="transformations">
        <List>
            <Item value="CURRENT"/>
        </List>
    </Property>
    <Property name="isProperty" value="true"/>
    <Property name="yellowBound" value="InMaintenance"/>
    <Property name="orangeBound" value="InMaintenance"/>
    <Property name="redBound" value="InMaintenance"/>
    <Property name="ascendingRange" value="true"/>
    <Property name="displayName" value="Maintenance Mode"/>
</Value>
                            </Item>
                            <Item>
<Value>
    <Property name="objectType" value="RESOURCE"/>
    <Property name="attributeKey" value="runtime|connectionState"/>
    <Property name="id" value="extModel12606-8"/>
    <Property name="isStringAttribute" value="true"/>
    <Property name="adapterKind" value="VMWARE"/>
    <Property name="resourceKind" value="HostSystem"/>
    <Property name="rollUpCount" value="0"/>
    <Property name="transformations">
        <List>
            <Item value="CURRENT"/>
        </List>
    </Property>
    <Property name="isProperty" value="true"/>
    <Property name="yellowBound" value="disconnected"/>
    <Property name="orangeBound" value="disconnected"/>
    <Property name="redBound" value="disconnected"/>
    <Property name="ascendingRange" value="true"/>
    <Property name="displayName" value="Connected?"/>
</Value>
                            </Item>
                            <Item>
<Value>
    <Property name="objectType" value="RESOURCE"/>
    <Property name="attributeKey" value="config|hyperThread|active"/>
    <Property name="id" value="extModel12606-9"/>
    <Property name="isStringAttribute" value="true"/>
    <Property name="adapterKind" value="VMWARE"/>
    <Property name="resourceKind" value="HostSystem"/>
    <Property name="rollUpType" value="NONE"/>
    <Property name="rollUpCount" value="0"/>
    <Property name="transformations">
        <List>
            <Item value="CURRENT"/>
        </List>
    </Property>
    <Property name="isProperty" value="true"/>
    <Property name="yellowBound" value="false"/>
    <Property name="orangeBound" value="false"/>
    <Property name="redBound" value="false"/>
    <Property name="ascendingRange" value="true"/>
    <Property name="displayName" value="Hyperthread Enabled"/>
</Value>
                            </Item>
                            <Item>
<Value>
    <Property name="objectType" value="RESOURCE"/>
    <Property name="attributeKey" value="summary|parentCluster"/>
    <Property name="id" value="extModel12606-10"/>
    <Property name="isStringAttribute" value="true"/>
    <Property name="adapterKind" value="VMWARE"/>
    <Property name="resourceKind" value="HostSystem"/>
    <Property name="rollUpCount" value="0"/>
    <Property name="transformations">
        <List>
            <Item value="CURRENT"/>
        </List>
    </Property>
    <Property name="isProperty" value="true"/>
    <Property name="displayName" value="Cluster"/>
</Value>
                            </Item>
                            <Item>
<Value>
    <Property name="objectType" value="RESOURCE"/>
    <Property name="attributeKey" value="net|mgmt_address"/>
    <Property name="id" value="extModel12606-11"/>
    <Property name="isStringAttribute" value="true"/>
    <Property name="adapterKind" value="VMWARE"/>
    <Property name="resourceKind" value="HostSystem"/>
    <Property name="rollUpCount" value="0"/>
    <Property name="transformations">
        <List>
            <Item value="CURRENT"/>
        </List>
    </Property>
    <Property name="isProperty" value="true"/>
    <Property name="displayName" value="IP Address"/>
</Value>
                            </Item>
                            <Item>
<Value>
    <Property name="objectType" value="RESOURCE"/>
    <Property name="attributeKey" value="cpu|corecount_provisioned"/>
    <Property name="id" value="extModel12606-12"/>
    <Property name="preferredUnitId" value="7001"/>
    <Property name="isStringAttribute" value="false"/>
    <Property name="adapterKind" value="VMWARE"/>
    <Property name="resourceKind" value="HostSystem"/>
    <Property name="rollUpType" value="NONE"/>
    <Property name="rollUpCount" value="0"/>
    <Property name="transformations">
        <List>
            <Item value="CURRENT"/>
        </List>
    </Property>
    <Property name="isProperty" value="false"/>
    <Property name="displayName" value="CPU"/>
</Value>
                            </Item>
                            <Item>
<Value>
    <Property name="objectType" value="RESOURCE"/>
    <Property name="attributeKey" value="mem|host_usage"/>
    <Property name="preferredUnitId" value="gb"/>
    <Property name="isStringAttribute" value="false"/>
    <Property name="adapterKind" value="VMWARE"/>
    <Property name="resourceKind" value="HostSystem"/>
    <Property name="rollUpType" value="NONE"/>
    <Property name="rollUpCount" value="0"/>
    <Property name="transformations">
        <List>
            <Item value="CURRENT"/>
        </List>
    </Property>
    <Property name="isProperty" value="false"/>
    <Property name="displayName" value="Used Memory"/>
</Value>
                            </Item>
                            <Item>
<Value>
    <Property name="objectType" value="RESOURCE"/>
    <Property name="attributeKey" value="mem|host_provisioned"/>
    <Property name="id" value="extModel12606-13"/>
    <Property name="preferredUnitId" value="gb"/>
    <Property name="isStringAttribute" value="false"/>
    <Property name="adapterKind" value="VMWARE"/>
    <Property name="resourceKind" value="HostSystem"/>
    <Property name="rollUpType" value="NONE"/>
    <Property name="rollUpCount" value="0"/>
    <Property name="transformations">
        <List>
            <Item value="CURRENT"/>
        </List>
    </Property>
    <Property name="isProperty" value="false"/>
    <Property name="displayName" value="Total Memory"/>
</Value>
                            </Item>
                            <Item>
<Value>
    <Property name="objectType" value="RESOURCE"/>
    <Property name="attributeKey" value="summary|version"/>
    <Property name="id" value="extModel12606-14"/>
    <Property name="isStringAttribute" value="true"/>
    <Property name="adapterKind" value="VMWARE"/>
    <Property name="resourceKind" value="HostSystem"/>
    <Property name="rollUpType" value="NONE"/>
    <Property name="rollUpCount" value="0"/>
    <Property name="transformations">
        <List>
            <Item value="CURRENT"/>
        </List>
    </Property>
    <Property name="isProperty" value="true"/>
    <Property name="displayName" value="ESX Version"/>
</Value>
                            </Item>
                            <Item>
<Value>
    <Property name="objectType" value="RESOURCE"/>
    <Property name="attributeKey" value="hardware|vendorModel"/>
    <Property name="id" value="extModel12606-15"/>
    <Property name="isStringAttribute" value="true"/>
    <Property name="adapterKind" value="VMWARE"/>
    <Property name="resourceKind" value="HostSystem"/>
    <Property name="rollUpCount" value="0"/>
    <Property name="transformations">
        <List>
            <Item value="CURRENT"/>
        </List>
    </Property>
    <Property name="isProperty" value="true"/>
    <Property name="displayName" value="Model"/>
</Value>
                            </Item>
                            <Item>
<Value>
    <Property name="objectType" value="RESOURCE"/>
    <Property name="attributeKey" value="hardware|biosVersion"/>
    <Property name="id" value="extModel12606-16"/>
    <Property name="isStringAttribute" value="true"/>
    <Property name="adapterKind" value="VMWARE"/>
    <Property name="resourceKind" value="HostSystem"/>
    <Property name="rollUpType" value="NONE"/>
    <Property name="rollUpCount" value="0"/>
    <Property name="transformations">
        <List>
            <Item value="CURRENT"/>
        </List>
    </Property>
    <Property name="isProperty" value="true"/>
    <Property name="displayName" value="BIOS Version"/>
</Value>
                            </Item>
                        </List>
                    </Property>
                    <Property name="summaryInfos">
                        <List>
                            <Item>
<Value>
    <Property name="displayName" value="Total"/>
    <Property name="aggregation" value="SUM"/>
    <Property name="attributeIndexes">
        <List>
            <Item value="0"/>
            <Item value="10"/>
            <Item value="11"/>
            <Item value="12"/>
            <Item value="13"/>
        </List>
    </Property>
</Value>
                            </Item>
                            <Item>
<Value>
    <Property name="displayName" value="Average"/>
    <Property name="aggregation" value="AVG"/>
    <Property name="attributeIndexes">
        <List>
            <Item value="0"/>
            <Item value="1"/>
            <Item value="2"/>
            <Item value="3"/>
            <Item value="10"/>
            <Item value="11"/>
            <Item value="12"/>
            <Item value="13"/>
        </List>
    </Property>
</Value>
                            </Item>
                        </List>
                    </Property>
                </Control>
                <Control id="pagination-control_id_89" type="pagination-control" visible="true">
                    <Property name="start" value="0"/>
                    <Property name="size" value="50"/>
                </Control>
                <Control id="metadata_id_90" type="metadata" visible="false">
                    <Property name="maxPointsCount" value="5000"/>
                    <Property name="distributionColor" value="6870C4"/>
                    <Property name="hideObjectNameColumn" value="false"/>
                    <Property name="listTopResultSize" value="-1"/>
                </Control>
            </Controls>
            <DataProviders>
                <DataProvider dataType="list-view" id="list-view_id_86"/>
            </DataProviders>
            <Presentation type="list"/>
        </ViewDef>
        <ViewDef id="b9a54ce2-61bc-4f39-b3b7-196bf2acb57b">
            <Title>VMignite.com - VMs Stats</Title>
            <Description/>
            <SubjectType adapterKind="VMWARE" resourceKind="VirtualMachine" type="descendant"/>
            <SubjectType adapterKind="VMWARE" resourceKind="VirtualMachine" type="self"/>
            <Usage>dashboard</Usage>
            <Usage>report</Usage>
            <Usage>details</Usage>
            <Usage>content</Usage>
            <Controls>
                <Control id="time-interval-selector_id_102" type="time-interval-selector" visible="false">
                    <Property name="advancedTimeMode" value="false"/>
                    <Property name="unit" value="DAYS"/>
                    <Property name="count" value="7"/>
                </Control>
                <Control id="attributes-selector_id_103" type="attributes-selector" visible="false">
                    <Property name="attributeInfos">
                        <List>
                            <Item>
<Value>
    <Property name="objectType" value="RESOURCE"/>
    <Property name="attributeKey" value="System Attributes|alert_count_critical"/>
    <Property name="id" value="extModel8300-6"/>
    <Property name="isStringAttribute" value="false"/>
    <Property name="adapterKind" value="VMWARE"/>
    <Property name="resourceKind" value="VirtualMachine"/>
    <Property name="rollUpType" value="NONE"/>
    <Property name="rollUpCount" value="0"/>
    <Property name="transformations">
        <List>
            <Item value="CURRENT"/>
        </List>
    </Property>
    <Property name="sortCriteria" value="false"/>
    <Property name="isProperty" value="false"/>
    <Property name="yellowBound" value=".1"/>
    <Property name="orangeBound" value=".5"/>
    <Property name="redBound" value="1"/>
    <Property name="ascendingRange" value="false"/>
    <Property name="displayName" value="Critical Alerts"/>
</Value>
                            </Item>
                            <Item>
<Value>
    <Property name="objectType" value="RESOURCE"/>
    <Property name="attributeKey" value="cpu|usage_average"/>
    <Property name="id" value="extModel8300-2"/>
    <Property name="preferredUnitId" value="percent"/>
    <Property name="isStringAttribute" value="false"/>
    <Property name="adapterKind" value="VMWARE"/>
    <Property name="resourceKind" value="VirtualMachine"/>
    <Property name="rollUpType" value="NONE"/>
    <Property name="rollUpCount" value="0"/>
    <Property name="transformations">
        <List>
            <Item value="CURRENT"/>
        </List>
    </Property>
    <Property name="isProperty" value="false"/>
    <Property name="yellowBound" value="80"/>
    <Property name="orangeBound" value="85"/>
    <Property name="redBound" value="90"/>
    <Property name="ascendingRange" value="false"/>
    <Property name="displayName" value="CPU (%)"/>
</Value>
                            </Item>
                            <Item>
<Value>
    <Property name="objectType" value="RESOURCE"/>
    <Property name="attributeKey" value="cpu|capacity_contentionPct"/>
    <Property name="id" value="extModel11956-1"/>
    <Property name="preferredUnitId" value="percent"/>
    <Property name="isStringAttribute" value="false"/>
    <Property name="adapterKind" value="VMWARE"/>
    <Property name="resourceKind" value="VirtualMachine"/>
    <Property name="rollUpType" value="NONE"/>
    <Property name="rollUpCount" value="0"/>
    <Property name="transformations">
        <List>
            <Item value="CURRENT"/>
        </List>
    </Property>
    <Property name="isProperty" value="false"/>
    <Property name="yellowBound" value="9"/>
    <Property name="orangeBound" value="9.5"/>
    <Property name="redBound" value="10"/>
    <Property name="ascendingRange" value="false"/>
    <Property name="displayName" value="CPU Contention"/>
</Value>
                            </Item>
                            <Item>
<Value>
    <Property name="objectType" value="RESOURCE"/>
    <Property name="attributeKey" value="mem|usage_average"/>
    <Property name="id" value="extModel8300-3"/>
    <Property name="preferredUnitId" value="percent"/>
    <Property name="isStringAttribute" value="false"/>
    <Property name="adapterKind" value="VMWARE"/>
    <Property name="resourceKind" value="VirtualMachine"/>
    <Property name="rollUpType" value="NONE"/>
    <Property name="rollUpCount" value="0"/>
    <Property name="transformations">
        <List>
            <Item value="CURRENT"/>
        </List>
    </Property>
    <Property name="sortCriteria" value="false"/>
    <Property name="isProperty" value="false"/>
    <Property name="yellowBound" value="80"/>
    <Property name="orangeBound" value="85"/>
    <Property name="redBound" value="90"/>
    <Property name="ascendingRange" value="false"/>
    <Property name="displayName" value="MEM (%)"/>
</Value>
                            </Item>
                            <Item>
<Value>
    <Property name="objectType" value="RESOURCE"/>
    <Property name="attributeKey" value="virtualDisk:Aggregate of all instances|totalReadLatency_average"/>
    <Property name="id" value="extModel19527-1"/>
    <Property name="preferredUnitId" value="msec"/>
    <Property name="isStringAttribute" value="false"/>
    <Property name="adapterKind" value="VMWARE"/>
    <Property name="resourceKind" value="VirtualMachine"/>
    <Property name="rollUpType" value="NONE"/>
    <Property name="rollUpCount" value="0"/>
    <Property name="transformations">
        <List>
            <Item value="CURRENT"/>
        </List>
    </Property>
    <Property name="isProperty" value="false"/>
    <Property name="yellowBound" value="10"/>
    <Property name="orangeBound" value="12"/>
    <Property name="redBound" value="15"/>
    <Property name="ascendingRange" value="false"/>
    <Property name="displayName" value="Read Latency"/>
</Value>
                            </Item>
                            <Item>
<Value>
    <Property name="objectType" value="RESOURCE"/>
    <Property name="attributeKey" value="virtualDisk:Aggregate of all instances|totalWriteLatency_average"/>
    <Property name="id" value="extModel19527-2"/>
    <Property name="preferredUnitId" value="msec"/>
    <Property name="isStringAttribute" value="false"/>
    <Property name="adapterKind" value="VMWARE"/>
    <Property name="resourceKind" value="VirtualMachine"/>
    <Property name="rollUpType" value="NONE"/>
    <Property name="rollUpCount" value="0"/>
    <Property name="transformations">
        <List>
            <Item value="CURRENT"/>
        </List>
    </Property>
    <Property name="isProperty" value="false"/>
    <Property name="yellowBound" value="10"/>
    <Property name="orangeBound" value="12"/>
    <Property name="redBound" value="15"/>
    <Property name="ascendingRange" value="false"/>
    <Property name="displayName" value="Write Latency"/>
</Value>
                            </Item>
                            <Item>
<Value>
    <Property name="objectType" value="RESOURCE"/>
    <Property name="attributeKey" value="guestfilesystem|percentage_total"/>
    <Property name="id" value="extModel19527-3"/>
    <Property name="preferredUnitId" value="percent"/>
    <Property name="isStringAttribute" value="false"/>
    <Property name="adapterKind" value="VMWARE"/>
    <Property name="resourceKind" value="VirtualMachine"/>
    <Property name="rollUpType" value="NONE"/>
    <Property name="rollUpCount" value="0"/>
    <Property name="transformations">
        <List>
            <Item value="CURRENT"/>
        </List>
    </Property>
    <Property name="isProperty" value="false"/>
    <Property name="yellowBound" value="85"/>
    <Property name="orangeBound" value="90"/>
    <Property name="redBound" value="95"/>
    <Property name="ascendingRange" value="false"/>
    <Property name="displayName" value="Disk Used %"/>
</Value>
                            </Item>
                            <Item>
<Value>
    <Property name="objectType" value="RESOURCE"/>
    <Property name="attributeKey" value="virtualDisk:Aggregate of all instances|commandsAveraged_average"/>
    <Property name="id" value="extModel19527-4"/>
    <Property name="isStringAttribute" value="false"/>
    <Property name="adapterKind" value="VMWARE"/>
    <Property name="resourceKind" value="VirtualMachine"/>
    <Property name="rollUpType" value="NONE"/>
    <Property name="rollUpCount" value="0"/>
    <Property name="transformations">
        <List>
            <Item value="CURRENT"/>
        </List>
    </Property>
    <Property name="isProperty" value="false"/>
    <Property name="yellowBound" value="1000"/>
    <Property name="orangeBound" value="3000"/>
    <Property name="redBound" value="5000"/>
    <Property name="ascendingRange" value="false"/>
    <Property name="displayName" value="IOPS"/>
</Value>
                            </Item>
                            <Item>
<Value>
    <Property name="objectType" value="RESOURCE"/>
    <Property name="attributeKey" value="net|usage_average"/>
    <Property name="id" value="extModel19527-5"/>
    <Property name="preferredUnitId" value="mbps"/>
    <Property name="isStringAttribute" value="false"/>
    <Property name="adapterKind" value="VMWARE"/>
    <Property name="resourceKind" value="VirtualMachine"/>
    <Property name="rollUpType" value="NONE"/>
    <Property name="rollUpCount" value="0"/>
    <Property name="transformations">
        <List>
            <Item value="CURRENT"/>
        </List>
    </Property>
    <Property name="isProperty" value="false"/>
    <Property name="yellowBound" value="1"/>
    <Property name="orangeBound" value="3"/>
    <Property name="redBound" value="5"/>
    <Property name="ascendingRange" value="false"/>
    <Property name="displayName" value="Network Usage"/>
</Value>
                            </Item>
                            <Item>
<Value>
    <Property name="objectType" value="RESOURCE"/>
    <Property name="attributeKey" value="summary|runtime|powerState"/>
    <Property name="id" value="extModel10095-9"/>
    <Property name="isStringAttribute" value="true"/>
    <Property name="adapterKind" value="VMWARE"/>
    <Property name="resourceKind" value="VirtualMachine"/>
    <Property name="rollUpType" value="AVG"/>
    <Property name="rollUpCount" value="0"/>
    <Property name="transformations">
        <List>
            <Item value="LAST"/>
        </List>
    </Property>
    <Property name="sortCriteria" value="false"/>
    <Property name="isProperty" value="true"/>
    <Property name="yellowBound" value="Powered Off"/>
    <Property name="orangeBound" value="Powered Off"/>
    <Property name="redBound" value="Powered Off"/>
    <Property name="ascendingRange" value="true"/>
    <Property name="displayName" value="Power State"/>
</Value>
                            </Item>
                            <Item>
<Value>
    <Property name="objectType" value="RESOURCE"/>
    <Property name="attributeKey" value="net:4000|ip_address"/>
    <Property name="id" value="extModel8300-1"/>
    <Property name="isStringAttribute" value="true"/>
    <Property name="adapterKind" value="VMWARE"/>
    <Property name="resourceKind" value="VirtualMachine"/>
    <Property name="rollUpCount" value="0"/>
    <Property name="transformations">
        <List>
            <Item value="LAST"/>
        </List>
    </Property>
    <Property name="isProperty" value="true"/>
    <Property name="displayName" value="IP Address"/>
</Value>
                            </Item>
                            <Item>
<Value>
    <Property name="objectType" value="RESOURCE"/>
    <Property name="attributeKey" value="cpu|corecount_provisioned"/>
    <Property name="id" value="extModel4787-1"/>
    <Property name="preferredUnitId" value="7004"/>
    <Property name="isStringAttribute" value="false"/>
    <Property name="adapterKind" value="VMWARE"/>
    <Property name="resourceKind" value="VirtualMachine"/>
    <Property name="rollUpType" value="NONE"/>
    <Property name="rollUpCount" value="0"/>
    <Property name="transformations">
        <List>
            <Item value="LAST"/>
        </List>
    </Property>
    <Property name="isProperty" value="false"/>
    <Property name="displayName" value="vCPU"/>
</Value>
                            </Item>
                            <Item>
<Value>
    <Property name="objectType" value="RESOURCE"/>
    <Property name="attributeKey" value="mem|guest_provisioned"/>
    <Property name="id" value="extModel8300-4"/>
    <Property name="preferredUnitId" value="gb"/>
    <Property name="isStringAttribute" value="false"/>
    <Property name="adapterKind" value="VMWARE"/>
    <Property name="resourceKind" value="VirtualMachine"/>
    <Property name="rollUpType" value="NONE"/>
    <Property name="rollUpCount" value="0"/>
    <Property name="transformations">
        <List>
            <Item value="CURRENT"/>
        </List>
    </Property>
    <Property name="isProperty" value="false"/>
    <Property name="displayName" value="Total Memory"/>
</Value>
                            </Item>
                            <Item>
<Value>
    <Property name="objectType" value="RESOURCE"/>
    <Property name="attributeKey" value="guestfilesystem|capacity_total"/>
    <Property name="id" value="extModel8300-5"/>
    <Property name="preferredUnitId" value="gb"/>
    <Property name="isStringAttribute" value="false"/>
    <Property name="adapterKind" value="VMWARE"/>
    <Property name="resourceKind" value="VirtualMachine"/>
    <Property name="rollUpType" value="NONE"/>
    <Property name="rollUpCount" value="0"/>
    <Property name="transformations">
        <List>
            <Item value="CURRENT"/>
        </List>
    </Property>
    <Property name="isProperty" value="false"/>
    <Property name="displayName" value="Total Disk"/>
</Value>
                            </Item>
                            <Item>
<Value>
    <Property name="objectType" value="RESOURCE"/>
    <Property name="attributeKey" value="summary|guest|fullName"/>
    <Property name="id" value="extModel8300-7"/>
    <Property name="isStringAttribute" value="true"/>
    <Property name="adapterKind" value="VMWARE"/>
    <Property name="resourceKind" value="VirtualMachine"/>
    <Property name="rollUpCount" value="0"/>
    <Property name="transformations">
        <List>
            <Item value="LAST"/>
        </List>
    </Property>
    <Property name="isProperty" value="true"/>
    <Property name="displayName" value="Operating System"/>
</Value>
                            </Item>
                            <Item>
<Value>
    <Property name="objectType" value="RESOURCE"/>
    <Property name="attributeKey" value="summary|parentCluster"/>
    <Property name="id" value="extModel8300-9"/>
    <Property name="isStringAttribute" value="true"/>
    <Property name="adapterKind" value="VMWARE"/>
    <Property name="resourceKind" value="VirtualMachine"/>
    <Property name="rollUpCount" value="0"/>
    <Property name="transformations">
        <List>
            <Item value="CURRENT"/>
        </List>
    </Property>
    <Property name="isProperty" value="true"/>
    <Property name="displayName" value="Cluster"/>
</Value>
                            </Item>
                        </List>
                    </Property>
                    <Property name="summaryInfos">
                        <List>
                            <Item>
<Value>
    <Property name="displayName" value="Total"/>
    <Property name="aggregation" value="SUM"/>
    <Property name="attributeIndexes">
        <List>
            <Item value="0"/>
            <Item value="7"/>
            <Item value="8"/>
            <Item value="11"/>
            <Item value="12"/>
            <Item value="13"/>
        </List>
    </Property>
</Value>
                            </Item>
                            <Item>
<Value>
    <Property name="displayName" value="Average"/>
    <Property name="aggregation" value="AVG"/>
    <Property name="attributeIndexes">
        <List>
            <Item value="0"/>
            <Item value="1"/>
            <Item value="2"/>
            <Item value="3"/>
            <Item value="4"/>
            <Item value="5"/>
            <Item value="6"/>
            <Item value="7"/>
            <Item value="8"/>
            <Item value="11"/>
            <Item value="12"/>
            <Item value="13"/>
        </List>
    </Property>
</Value>
                            </Item>
                        </List>
                    </Property>
                </Control>
                <Control id="pagination-control_id_104" type="pagination-control" visible="true">
                    <Property name="start" value="0"/>
                    <Property name="size" value="1000"/>
                </Control>
                <Control id="metadata_id_105" type="metadata" visible="false">
                    <Property name="maxPointsCount" value="5000"/>
                    <Property name="distributionColor" value="6870C4"/>
                    <Property name="hideObjectNameColumn" value="false"/>
                    <Property name="listTopResultSize" value="-1"/>
                </Control>
            </Controls>
            <DataProviders>
                <DataProvider dataType="list-view" id="list-view_id_101"/>
            </DataProviders>
            <Presentation type="list"/>
        </ViewDef>
        <ViewDef id="6281d28b-c4ad-4cce-bad3-ae0f08a17fa9">
            <Title>VMignite.com - Cluster Stats</Title>
            <Description>Used in dashboard: Cluster Configuration. This View helps in spotting inconsistencies across clusters.</Description>
            <SubjectType adapterKind="VMWARE" resourceKind="ClusterComputeResource" type="descendant"/>
            <SubjectType adapterKind="VMWARE" resourceKind="ClusterComputeResource" type="self"/>
            <Usage>dashboard</Usage>
            <Usage>report</Usage>
            <Usage>details</Usage>
            <Usage>content</Usage>
            <Controls>
                <Control id="time-interval-selector_id_47" type="time-interval-selector" visible="false">
                    <Property name="advancedTimeMode" value="false"/>
                    <Property name="unit" value="MINUTES"/>
                    <Property name="count" value="7"/>
                </Control>
                <Control id="attributes-selector_id_48" type="attributes-selector" visible="false">
                    <Property name="attributeInfos">
                        <List>
                            <Item>
<Value>
    <Property name="objectType" value="RESOURCE"/>
    <Property name="attributeKey" value="cpu|demandPct"/>
    <Property name="id" value="extModel21697-1"/>
    <Property name="preferredUnitId" value="percent"/>
    <Property name="isStringAttribute" value="false"/>
    <Property name="adapterKind" value="VMWARE"/>
    <Property name="resourceKind" value="ClusterComputeResource"/>
    <Property name="rollUpType" value="NONE"/>
    <Property name="rollUpCount" value="0"/>
    <Property name="transformations">
        <List>
            <Item value="CURRENT"/>
        </List>
    </Property>
    <Property name="isProperty" value="false"/>
    <Property name="yellowBound" value="80"/>
    <Property name="orangeBound" value="85"/>
    <Property name="redBound" value="90"/>
    <Property name="ascendingRange" value="false"/>
    <Property name="displayName" value="CPU %"/>
</Value>
                            </Item>
                            <Item>
<Value>
    <Property name="objectType" value="RESOURCE"/>
    <Property name="attributeKey" value="mem|workload"/>
    <Property name="id" value="extModel11553-1"/>
    <Property name="preferredUnitId" value="percent"/>
    <Property name="isStringAttribute" value="false"/>
    <Property name="adapterKind" value="VMWARE"/>
    <Property name="resourceKind" value="ClusterComputeResource"/>
    <Property name="rollUpType" value="NONE"/>
    <Property name="rollUpCount" value="0"/>
    <Property name="transformations">
        <List>
            <Item value="CURRENT"/>
        </List>
    </Property>
    <Property name="sortCriteria" value="false"/>
    <Property name="isProperty" value="false"/>
    <Property name="yellowBound" value="80"/>
    <Property name="orangeBound" value="85"/>
    <Property name="redBound" value="90"/>
    <Property name="ascendingRange" value="false"/>
    <Property name="displayName" value="MEM %"/>
</Value>
                            </Item>
                            <Item>
<Value>
    <Property name="objectType" value="RESOURCE"/>
    <Property name="attributeKey" value="OnlineCapacityAnalytics|capacityRemainingPercentage"/>
    <Property name="id" value="extModel11553-2"/>
    <Property name="preferredUnitId" value="percent"/>
    <Property name="isStringAttribute" value="false"/>
    <Property name="adapterKind" value="VMWARE"/>
    <Property name="resourceKind" value="ClusterComputeResource"/>
    <Property name="rollUpType" value="NONE"/>
    <Property name="rollUpCount" value="0"/>
    <Property name="transformations">
        <List>
            <Item value="CURRENT"/>
        </List>
    </Property>
    <Property name="isProperty" value="false"/>
    <Property name="yellowBound" value="10"/>
    <Property name="orangeBound" value="5"/>
    <Property name="redBound" value="0"/>
    <Property name="ascendingRange" value="true"/>
    <Property name="displayName" value="Capacity Remain %"/>
</Value>
                            </Item>
                            <Item>
<Value>
    <Property name="objectType" value="RESOURCE"/>
    <Property name="attributeKey" value="configuration|dasConfig|admissionControlEnabled"/>
    <Property name="id" value="extModel1644-2"/>
    <Property name="isStringAttribute" value="true"/>
    <Property name="adapterKind" value="VMWARE"/>
    <Property name="resourceKind" value="ClusterComputeResource"/>
    <Property name="rollUpType" value="NONE"/>
    <Property name="rollUpCount" value="0"/>
    <Property name="transformations">
        <List>
            <Item value="CURRENT"/>
        </List>
    </Property>
    <Property name="isProperty" value="true"/>
    <Property name="yellowBound" value="false"/>
    <Property name="orangeBound" value="1"/>
    <Property name="redBound" value="2"/>
    <Property name="ascendingRange" value="true"/>
    <Property name="displayName" value="Admission Control Enabled?"/>
</Value>
                            </Item>
                            <Item>
<Value>
    <Property name="objectType" value="RESOURCE"/>
    <Property name="attributeKey" value="configuration|drsconfig|enabled"/>
    <Property name="id" value="extModel1644-4"/>
    <Property name="isStringAttribute" value="true"/>
    <Property name="adapterKind" value="VMWARE"/>
    <Property name="resourceKind" value="ClusterComputeResource"/>
    <Property name="rollUpType" value="NONE"/>
    <Property name="rollUpCount" value="0"/>
    <Property name="transformations">
        <List>
            <Item value="CURRENT"/>
        </List>
    </Property>
    <Property name="isProperty" value="true"/>
    <Property name="yellowBound" value="false"/>
    <Property name="orangeBound" value="false"/>
    <Property name="redBound" value="false"/>
    <Property name="ascendingRange" value="true"/>
    <Property name="displayName" value="DRS Enabled?"/>
</Value>
                            </Item>
                            <Item>
<Value>
    <Property name="objectType" value="RESOURCE"/>
    <Property name="attributeKey" value="configuration|dasConfig|enabled"/>
    <Property name="id" value="extModel1644-3"/>
    <Property name="isStringAttribute" value="true"/>
    <Property name="adapterKind" value="VMWARE"/>
    <Property name="resourceKind" value="ClusterComputeResource"/>
    <Property name="rollUpType" value="NONE"/>
    <Property name="rollUpCount" value="0"/>
    <Property name="transformations">
        <List>
            <Item value="CURRENT"/>
        </List>
    </Property>
    <Property name="isProperty" value="true"/>
    <Property name="yellowBound" value="false"/>
    <Property name="orangeBound" value="false"/>
    <Property name="redBound" value="false"/>
    <Property name="ascendingRange" value="true"/>
    <Property name="displayName" value="HA Enabled?"/>
</Value>
                            </Item>
                            <Item>
<Value>
    <Property name="objectType" value="RESOURCE"/>
    <Property name="attributeKey" value="configuration|drsconfig|defaultVmBehavior"/>
    <Property name="id" value="extModel1644-5"/>
    <Property name="isStringAttribute" value="true"/>
    <Property name="adapterKind" value="VMWARE"/>
    <Property name="resourceKind" value="ClusterComputeResource"/>
    <Property name="rollUpType" value="NONE"/>
    <Property name="rollUpCount" value="0"/>
    <Property name="transformations">
        <List>
            <Item value="CURRENT"/>
        </List>
    </Property>
    <Property name="isProperty" value="true"/>
    <Property name="displayName" value="DRS Automation Level"/>
</Value>
                            </Item>
                            <Item>
<Value>
    <Property name="objectType" value="RESOURCE"/>
    <Property name="attributeKey" value="summary|number_running_vms"/>
    <Property name="id" value="extModel17971-2"/>
    <Property name="preferredUnitId" value="7002"/>
    <Property name="isStringAttribute" value="false"/>
    <Property name="adapterKind" value="VMWARE"/>
    <Property name="resourceKind" value="ClusterComputeResource"/>
    <Property name="rollUpType" value="NONE"/>
    <Property name="rollUpCount" value="0"/>
    <Property name="transformations">
        <List>
            <Item value="CURRENT"/>
        </List>
    </Property>
    <Property name="isProperty" value="false"/>
    <Property name="displayName" value="Running VMs"/>
</Value>
                            </Item>
                            <Item>
<Value>
    <Property name="objectType" value="RESOURCE"/>
    <Property name="attributeKey" value="summary|total_number_hosts"/>
    <Property name="id" value="extModel11228-1"/>
    <Property name="isStringAttribute" value="false"/>
    <Property name="adapterKind" value="VMWARE"/>
    <Property name="resourceKind" value="ClusterComputeResource"/>
    <Property name="rollUpType" value="NONE"/>
    <Property name="rollUpCount" value="0"/>
    <Property name="transformations">
        <List>
            <Item value="CURRENT"/>
        </List>
    </Property>
    <Property name="sortCriteria" value="true"/>
    <Property name="isProperty" value="false"/>
    <Property name="displayName" value="Hosts"/>
</Value>
                            </Item>
                            <Item>
<Value>
    <Property name="objectType" value="RESOURCE"/>
    <Property name="attributeKey" value="summary|total_number_datastores"/>
    <Property name="id" value="extModel1644-1"/>
    <Property name="isStringAttribute" value="false"/>
    <Property name="adapterKind" value="VMWARE"/>
    <Property name="resourceKind" value="ClusterComputeResource"/>
    <Property name="rollUpType" value="NONE"/>
    <Property name="rollUpCount" value="0"/>
    <Property name="transformations">
        <List>
            <Item value="CURRENT"/>
        </List>
    </Property>
    <Property name="isProperty" value="false"/>
    <Property name="displayName" value="Datastores"/>
</Value>
                            </Item>
                            <Item>
<Value>
    <Property name="objectType" value="RESOURCE"/>
    <Property name="attributeKey" value="summary|avg_vm_density"/>
    <Property name="id" value="extModel21697-3"/>
    <Property name="isStringAttribute" value="false"/>
    <Property name="adapterKind" value="VMWARE"/>
    <Property name="resourceKind" value="ClusterComputeResource"/>
    <Property name="rollUpType" value="NONE"/>
    <Property name="rollUpCount" value="0"/>
    <Property name="transformations">
        <List>
            <Item value="CURRENT"/>
        </List>
    </Property>
    <Property name="isProperty" value="false"/>
    <Property name="displayName" value="VMs Per Host"/>
</Value>
                            </Item>
                            <Item>
<Value>
    <Property name="objectType" value="RESOURCE"/>
    <Property name="attributeKey" value="summary|parentVcenter"/>
    <Property name="id" value="extModel11254-1"/>
    <Property name="isStringAttribute" value="true"/>
    <Property name="adapterKind" value="VMWARE"/>
    <Property name="resourceKind" value="ClusterComputeResource"/>
    <Property name="rollUpType" value="NONE"/>
    <Property name="rollUpCount" value="0"/>
    <Property name="transformations">
        <List>
            <Item value="CURRENT"/>
        </List>
    </Property>
    <Property name="isProperty" value="true"/>
    <Property name="displayName" value="vCenter"/>
</Value>
                            </Item>
                        </List>
                    </Property>
                    <Property name="summaryInfos">
                        <List>
                            <Item>
<Value>
    <Property name="displayName" value="Total"/>
    <Property name="aggregation" value="SUM"/>
    <Property name="attributeIndexes">
        <List>
            <Item value="1"/>
            <Item value="2"/>
            <Item value="7"/>
            <Item value="8"/>
            <Item value="9"/>
            <Item value="10"/>
        </List>
    </Property>
</Value>
                            </Item>
                            <Item>
<Value>
    <Property name="displayName" value="Average"/>
    <Property name="aggregation" value="AVG"/>
    <Property name="attributeIndexes">
        <List>
            <Item value="0"/>
            <Item value="1"/>
            <Item value="2"/>
            <Item value="7"/>
            <Item value="8"/>
            <Item value="9"/>
            <Item value="10"/>
        </List>
    </Property>
</Value>
                            </Item>
                        </List>
                    </Property>
                </Control>
                <Control id="pagination-control_id_49" type="pagination-control" visible="true">
                    <Property name="start" value="0"/>
                    <Property name="size" value="500"/>
                </Control>
                <Control id="metadata_id_50" type="metadata" visible="false">
                    <Property name="maxPointsCount" value="5000"/>
                    <Property name="distributionColor" value="6870C4"/>
                    <Property name="hideObjectNameColumn" value="false"/>
                    <Property name="listTopResultSize" value="-1"/>
                </Control>
            </Controls>
            <DataProviders>
                <DataProvider dataType="list-view" id="list-view_id_46"/>
            </DataProviders>
            <Presentation type="list"/>
        </ViewDef>
    </Views>
</Content>
